nonce,reference
160993,213375
161851,214389
162145,214731
162155,214744
162161,214755
163041,215788
163042,215789
163043,215790
163044,215791
163045,215792
163046,215793
163047,215794
163048,215795
163049,215796
163050,215797
163051,215798
163052,215799
163053,215800
163054,215801
163055,215802
163056,215803
163057,215804
163058,215805
163059,215806
163060,215807
163061,215808
163062,215809
163063,215810
163064,215811
163065,215812
163066,215813
163067,215814
163068,215815
163069,215816
163070,215817
163071,215818
163072,215819
163073,215820
163074,215821
163075,215822
163076,215823
163077,215824
163078,215825
163079,215826
163080,215827
163081,215828
163082,215829
163083,215830
163084,215831
163085,215832
163089,215838
163090,215839
163091,215840
163092,215841
163093,215842
163097,215849
163104,215858
163105,215859
163106,215860
163107,215861
163108,215862
163109,215863
163110,215864
163111,215865
163112,215866
163113,215867
163114,215868
163115,215869
163116,215870
163117,215871
163118,215872
163119,215873
163120,215874
163121,215875
163122,215876
163123,215877
164405,217441
164416,217452
164813,217901
165330,218545
165335,218550
166260,219576
166265,219584
166267,219587
166269,219590
166271,219593
166273,219596
166274,219597
166276,219600
166277,219601
166308,219655
166334,219706
166390,219793
166485,219942
167033,220557
167038,220566
167039,220567
167040,220568
167043,220571
167046,220574
167047,220575
167131,220678
167163,220713
167198,220758
167204,220765
167458,221045
167473,221068
167480,221079
167485,221086
167493,221095
167502,221110
167560,221189
167585,221237
167589,221243
167596,221254
167597,221255
167598,221256
167599,221257
167600,221258
167601,221259
167602,221260
167603,221261
167605,221264
167606,221265
167608,221268
167612,221272
167614,221275
167615,221276
167616,221277
167617,221278
167618,221279
167622,221286
167625,221291
167628,221296
167634,221307
167640,221318
167644,221325
167647,221330
167663,221359
167665,221362
167667,221365
167668,221366
167670,221369
167675,221375
167676,221376
167678,221379
167680,221382
167681,221383
167683,221386
167685,221389
167687,221392
167688,221393
167694,221404
167696,221407
167698,221410
167699,221411
167701,221414
167706,221421
167709,221425
167712,221429
167715,221433
167717,221436
167719,221439
167721,221442
167723,221445
167726,221450
167762,221489
167763,221490
167764,221491
167765,221492
167766,221493
167767,221494
167768,221495
167769,221496
167770,221497
167771,221498
167772,221499
167773,221500
167774,221501
167775,221502
167776,221503
167777,221504
167778,221505
167779,221506
167780,221507
167781,221508
167782,221509
167783,221510
167784,221511
167785,221512
167786,221513
167787,221514
167788,221515
167790,221518
167791,221519
167792,221520
167793,221521
167794,221522
167795,221523
167796,221524
167797,221525
167798,221526
167799,221527
167800,221528
167802,221531
167803,221532
167804,221533
167805,221534
167895,221638
167931,221683
169459,223328
169460,223329
170886,224966
172901,227620
172955,227721
172991,227776
173077,227921
173171,228056
174431,229635
175025,230408
176070,231682
176072,231684
176074,231687
176100,231714
176346,232040
177167,232985
177256,233092
177257,233093
177258,233094
177259,233095
177260,233096
177277,233113
177278,233114
177279,233115
177280,233116
177281,233117
177294,233132
177295,233133
177296,233134
177297,233135
177298,233136
177299,233137
177300,233138
177305,233144
177306,233145
177307,233146
177308,233147
177309,233148
177310,233149
177311,233150
177312,233151
177313,233152
177314,233153
177315,233154
177426,233289
177444,233307
177445,233308
177446,233309
177447,233310
177448,233311
177449,233312
177450,233313
177451,233314
177452,233315
177453,233316
177454,233317
177520,233399
177521,233400
177532,233418
177542,233437
177553,233452
177896,233944
178148,234258
179883,236433
180363,237092
180367,237096
180368,237097
180502,237242
180503,237243
181299,238286
181616,238646
181830,238880
181834,238884
182217,239422
182497,239764
183135,240598
183444,240933
183453,240942
183454,240943
183459,240948
183460,240949
183464,240953
183924,241449
183949,241496
183950,241497
183951,241498
184009,241593
184011,241596
184012,241597
184013,241598
184014,241599
184015,241600
184016,241601
184029,241626
184033,241633
184037,241637
184038,241638
184039,241639
184040,241640
184041,241641
184043,241643
184044,241644
184045,241645
184046,241646
184047,241647
184048,241648
184050,241651
184051,241652
184053,241655
184054,241656
184055,241657
184056,241658
184057,241659
184058,241660
184059,241661
184061,241664
184063,241667
184071,241675
184072,241676
184077,241681
184078,241682
184079,241683
184081,241685
184082,241686
184083,241687
184091,241695
184092,241696
184093,241697
184094,241698
184095,241699
184096,241700
184098,241702
184105,241709
184106,241710
184107,241711
184108,241712
184109,241713
184110,241714
184111,241715
184112,241716
184113,241717
184114,241718
184115,241719
184116,241720
184117,241721
184118,241722
184119,241723
184120,241724
184121,241725
184653,242283
184654,242284
184824,242459
184861,242496
184887,242522
184908,242543
184911,242546
184912,242547
184913,242548
184914,242549
184915,242550
184916,242551
184917,242552
184918,242553
184919,242554
184926,242561
184931,242566
184932,242567
184933,242568
184934,242569
184935,242570
184936,242571
184938,242574
184950,242587
184969,242608
184970,242609
184973,242614
184985,242626
184988,242631
184990,242634
184992,242637
185012,242659
185014,242662
185017,242667
185021,242672
185023,242674
185024,242675
185025,242676
185026,242677
185027,242678
185039,242690
185040,242691
185041,242692
185042,242693
185043,242694
185044,242695
185054,242705
185055,242706
185056,242707
185065,242716
185076,242727
185086,242737
185087,242738
185088,242739
185097,242748
185098,242749
185099,242750
185100,242751
185101,242752
185102,242753
185103,242754
185107,242758
185155,242806
185156,242807
185157,242808
185158,242809
185159,242810
185160,242811
185161,242812
185162,242813
185169,242820
185171,242822
185176,242827
185177,242828
185178,242829
185179,242830
185187,242838
185522,243179
185523,243180
185549,243206
185550,243207
185551,243208
185552,243209
185556,243213
186724,244415
187224,245003
187318,245103
187376,245170
187383,245177
187765,245605
187770,245615
187950,245929
188200,246239
188338,246386
188339,246387
188340,246388
188344,246392
188359,246411
188453,246518
188457,246522
188458,246523
188463,246528
188557,246625
188563,246634
188564,246635
188571,246642
188576,246647
188577,246648
188579,246651
188595,246671
188599,246675
188675,246759
188676,246760
188677,246761
188678,246762
188679,246763
188680,246764
188968,247131
189010,247186
189015,247191
189026,247203
189027,247204
189088,247282
189092,247289
189096,247294
189100,247300
189102,247303
189104,247306
189105,247307
189107,247310
189109,247313
189110,247314
189112,247317
189114,247320
189115,247321
189119,247328
189123,247332
189125,247335
189126,247336
189128,247339
189129,247340
189130,247341
189131,247342
189132,247343
189134,247346
189135,247347
189140,247353
189141,247354
189180,247418
189181,247419
189182,247420
189184,247423
189185,247424
189230,247507
189231,247508
189232,247509
189234,247512
189238,247518
189247,247529
189250,247534
189251,247535
189252,247536
189253,247537
189254,247538
189255,247539
189266,247550
189267,247551
189521,247921
189522,247922
189524,247925
189525,247926
189526,247927
189530,247931
189532,247934
189533,247935
189536,247939
189537,247940
189538,247941
189539,247942
189540,247943
189541,247944
189542,247945
189543,247946
189544,247947
189546,247950
189547,247951
189548,247952
189549,247953
189550,247954
189551,247955
189552,247956
189553,247957
189554,247958
189555,247959
189556,247960
189557,247961
189558,247962
189559,247963
189564,247972
189565,247973
189568,247978
189571,247983
189572,247984
189575,247989
189576,247990
189577,247991
189578,247992
189579,247993
190288,248782
190304,248799
190309,248804
190349,248858
190850,249537
190866,249568
191029,249837
191070,249912
191071,249914
191072,249916
191073,249918
191074,249920
191075,249922
191076,249924
191077,249926
191078,249928
191079,249930
191080,249932
191081,249934
191082,249936
191083,249938
191084,249940
191085,249942
191086,249944
191087,249946
191088,249948
191089,249950
191090,249952
191091,249954
191092,249956
191093,249958
191094,249960
191095,249962
191096,249964
191097,249966
191100,249970
191102,249973
191103,249975
191104,249977
191105,249979
191106,249981
191107,249983
191108,249985
191110,249989
191111,249991
191112,249993
191113,249995
191117,250000
191118,250002
191119,250004
191120,250006
191121,250008
191126,250014
191129,250018
191130,250020
191131,250022
191132,250024
191133,250026
191134,250028
191135,250030
191136,250032
191137,250034
191138,250036
191139,250038
191140,250040
191141,250042
191142,250044
191143,250046
191144,250048
191148,250053
191149,250055
191150,250057
191151,250059
191152,250061
191153,250063
191154,250065
191155,250067
191156,250069
191158,250073
191172,250097
191173,250099
191174,250101
191175,250103
191176,250105
191177,250107
191178,250109
191179,250111
191180,250113
191181,250115
191182,250117
191183,250119
191185,250122
191186,250124
191187,250126
191188,250128
191189,250130
191190,250132
191191,250134
191192,250136
191193,250138
191194,250140
191195,250142
191196,250144
191197,250146
191198,250148
191199,250150
191200,250152
191201,250154
191202,250156
191203,250158
191204,250160
191205,250162
191206,250164
191207,250166
191208,250168
191729,250796
191907,251018
192096,251321
193517,253105
193518,253106
193519,253107
193520,253108
193521,253109
193927,253557
194400,254119
194784,254603
194785,254604
194892,254734
195164,255050
195179,255070
195191,255084
195638,255747
195639,255748
195658,255767
195659,255768
195660,255769
195661,255770
195662,255771
195663,255772
195664,255773
195666,255775
195672,255781
196316,256476
196558,256773
196681,256975
196682,256976
196684,256979
196685,256980
196686,256981
196687,256982
196688,256983
196689,256984
196691,256987
196692,256988
196693,256989
196694,256990
196695,256991
196696,256992
196697,256993
196698,256994
196702,256998
196703,256999
196704,257000
196715,257011
196716,257012
196717,257013
196718,257014
196719,257015
196720,257016
196721,257017
196722,257018
196723,257019
196724,257020
196725,257021
196726,257022
196727,257023
196730,257026
196732,257028
196733,257029
196734,257030
196735,257031
196736,257032
196737,257033
196765,257069
196832,257177
196833,257178
196834,257179
196835,257180
196837,257183
196839,257186
196840,257187
196841,257188
196845,257195
196846,257196
196847,257197
196848,257198
196859,257209
196860,257210
196861,257211
196862,257212
196863,257213
196864,257214
196868,257218
196869,257219
196870,257220
196871,257221
196872,257222
196873,257223
196874,257224
196875,257225
196876,257226
196877,257227
196878,257228
196882,257232
196883,257233
196884,257234
196885,257235
196886,257236
196887,257237
196888,257238
196889,257239
196890,257240
196891,257241
196892,257242
196896,257246
196899,257251
196901,257254
196902,257255
196904,257258
196905,257259
196906,257260
196907,257261
196909,257264
196910,257265
196914,257269
196916,257271
196917,257272
196918,257273
196919,257274
196920,257275
196924,257279
197862,258349
198182,258788
198183,258789
198388,259062
198389,259063
198390,259064
198391,259065
198392,259066
198393,259067
198394,259068
198395,259069
198397,259072
198398,259073
198399,259074
198400,259075
198401,259076
198402,259077
198403,259078
198404,259079
198405,259080
198406,259081
198411,259086
198412,259087
198413,259088
198414,259089
198415,259090
198416,259091
198417,259092
198418,259093
198419,259094
198420,259095
198421,259096
198422,259097
198440,259115
198441,259116
198442,259117
198447,259122
198448,259123
198449,259124
198450,259125
198451,259126
198452,259127
198453,259128
198454,259129
198455,259130
198456,259131
198457,259132
198458,259133
198459,259134
198460,259135
198461,259136
198462,259137
198463,259138
198468,259143
198469,259144
198470,259145
198471,259146
198472,259147
198473,259148
198474,259149
198475,259150
198476,259151
198477,259152
198478,259153
198479,259154
198480,259155
198481,259156
199594,260413
199595,260414
199596,260415
199598,260418
199599,260419
199600,260420
199601,260421
199603,260424
199604,260425
199605,260426
199606,260427
199607,260428
199609,260431
199610,260432
199611,260433
199613,260436
199614,260437
199621,260450
199622,260451
199623,260452
199624,260453
199625,260454
199626,260455
199627,260456
199628,260457
199630,260460
199631,260461
199632,260462
199633,260463
199634,260464
199669,260525
199670,260526
199677,260539
199683,260550
199686,260555
199688,260558
199693,260567
199694,260568
199695,260569
199696,260570
199697,260571
199698,260572
199699,260573
199700,260574
199701,260575
199702,260576
199703,260577
199704,260578
199705,260579
199706,260580
199768,260680
199784,260699
199815,260742
199893,260859
199947,260922
200576,261680
201264,262663
201267,262668
201268,262669
201269,262670
201271,262673
201272,262674
201273,262675
201275,262678
201276,262679
201279,262684
201280,262685
201282,262688
201284,262691
201288,262698
201291,262703
201293,262706
201295,262709
201296,262710
201297,262711
201298,262712
201300,262715
201302,262718
201304,262721
201310,262729
201311,262730
201313,262733
201315,262736
201316,262737
201318,262740
201320,262743
201321,262744
201325,262751
201327,262754
201328,262755
201329,262756
201330,262757
201332,262760
201334,262763
201335,262764
201340,262770
201341,262771
201343,262774
201345,262777
201346,262778
201357,262799
201358,262800
201359,262801
201365,262812
201367,262815
201368,262816
201372,262823
201373,262824
201374,262825
201375,262826
201376,262827
201384,262838
201385,262839
201387,262842
201388,262843
201389,262844
201390,262845
201392,262848
201393,262849
201396,262854
201397,262855
201398,262856
201399,262857
201401,262860
201402,262861
201403,262862
201405,262865
201408,262868
201410,262870
201411,262871
201415,262878
201417,262881
201418,262882
201419,262883
201420,262884
201422,262887
201424,262890
201427,262895
201428,262896
201429,262897
201431,262900
201432,262901
201433,262902
201439,262910
201440,262911
201441,262912
201442,262913
201444,262916
201450,262924
201451,262925
201452,262926
201453,262927
201454,262928
201455,262929
201456,262930
201457,262931
201458,262932
201459,262933
201460,262934
201461,262935
201462,262936
201463,262937
201464,262938
201465,262939
201466,262940
201467,262941
201468,262942
201469,262943
201470,262944
201471,262945
201472,262946
201473,262947
201474,262948
201475,262949
201476,262950
201477,262951
201478,262952
201604,263126
201608,263130
201609,263131
201610,263132
201611,263133
201612,263134
201613,263135
201614,263136
201615,263137
201616,263138
201617,263139
201618,263140
201619,263141
201620,263142
201621,263143
201622,263144
201623,263145
201624,263146
201625,263147
201626,263148
201627,263149
201628,263150
201629,263151
201630,263152
201631,263153
201632,263154
201633,263155
201634,263156
201635,263157
201636,263158
201637,263159
201638,263160
201639,263161
201640,263162
201641,263163
201642,263164
201643,263165
201644,263166
201648,263170
201649,263171
201650,263172
201654,263176
201655,263177
201656,263178
201657,263179
201658,263180
201659,263181
201675,263197
201677,263200
201678,263201
201679,263202
201681,263205
201682,263206
201683,263207
201687,263211
201688,263212
201689,263213
201693,263217
201694,263218
201695,263219
201696,263220
201697,263221
201698,263222
201699,263223
201700,263224
201701,263225
201702,263226
201703,263227
201704,263228
201705,263229
201706,263230
201707,263231
201708,263232
201709,263233
201710,263234
201711,263235
201712,263236
201713,263237
201714,263238
201715,263239
201716,263240
201717,263241
201718,263242
201719,263243
201720,263244
201721,263245
201722,263246
201723,263247
201724,263248
201754,263283
201755,263284
201756,263285
201757,263286
201758,263287
201759,263288
201760,263289
201761,263290
201762,263291
201763,263292
201764,263293
201765,263294
201766,263295
201767,263296
201768,263297
201769,263298
202228,263865
202235,263878
202400,264157
202705,264489
202878,264666
203082,264882
203210,265067
203295,265211
203374,265325
204039,266107
204375,266577
204747,266997
204755,267012
204757,267015
204761,267019
204763,267021
204764,267022
204765,267023
205287,267681
205291,267685
205312,267707
205321,267716
205328,267723
205329,267724
205330,267725
205331,267726
205332,267727
205333,267728
205334,267729
205335,267730
205336,267731
205337,267732
205338,267733
205339,267734
205340,267735
205348,267744
205349,267745
205350,267746
205351,267747
205352,267748
205353,267749
205354,267750
205355,267751
205356,267752
205360,267759
205361,267760
205362,267761
205363,267762
205364,267763
205365,267764
205366,267765
205367,267766
205368,267767
205369,267768
205370,267769
205371,267770
205372,267771
205373,267772
205377,267776
205382,267781
205383,267782
205384,267783
205385,267784
205392,267794
205393,267795
205394,267796
205395,267797
205397,267800
205402,267806
205404,267809
205407,267814
205408,267815
205410,267818
205415,267824
205418,267829
205421,267834
205423,267837
205426,267842
205427,267843
205429,267846
205434,267851
205439,267857
205441,267859
205878,268337
205879,268338
205938,268417
205940,268420
205956,268451
205959,268456
205960,268457
205961,268458
205962,268459
205963,268460
205965,268463
205966,268464
205967,268465
205968,268466
205969,268467
205970,268468
205972,268471
205973,268472
205975,268475
205976,268476
205978,268479
205979,268480
205980,268481
205981,268482
205982,268483
205983,268484
205986,268489
205987,268490
205988,268491
205989,268492
205991,268494
205992,268495
205993,268496
205994,268497
205995,268498
205996,268499
206002,268507
206003,268508
206004,268509
206006,268512
206018,268535
206019,268536
206021,268539
206022,268540
206023,268541
206024,268542
206025,268543
206026,268544
206027,268545
206029,268548
206399,269005
206400,269006
206401,269007
206407,269014
206408,269015
206409,269016
206410,269017
206411,269018
206412,269019
206413,269020
206414,269021
206415,269022
206416,269023
206417,269024
206418,269025
206423,269031
206424,269032
206425,269033
206426,269034
206427,269035
206428,269036
206429,269037
206430,269038
206431,269039
206432,269040
206433,269041
206434,269042
206435,269043
206436,269044
206437,269045
206438,269046
206439,269047
206440,269048
206441,269049
206442,269050
206446,269054
206447,269055
206448,269056
206449,269057
206450,269058
206451,269059
206452,269060
206453,269061
206454,269062
206542,269161
206543,269162
206546,269165
206549,269168
206550,269169
206603,269231
207575,270521
208021,271085
208358,271502
208564,271782
209880,273463
209881,273464
209883,273467
209884,273468
209895,273479
209902,273486
209909,273493
209919,273503
209920,273504
209921,273505
209933,273522
209941,273531
210765,274526
210872,274655
210873,274656
210874,274657
210877,274660
210878,274661
210879,274662
210884,274667
210889,274672
210899,274684
210908,274693
210910,274695
210911,274696
210916,274701
210917,274702
210922,274706
210923,274707
210954,274740
211335,275199
211336,275200
211480,275388
211522,275438
211577,275541
211591,275568
211609,275596
211682,275735
211852,276027
211921,276128
212789,277326
213330,278156
213358,278206
213382,278246
213722,278763
213880,278955
213911,278997
214342,279510
214376,279561
214401,279601
214435,279652
214438,279657
214439,279658
214441,279661
214447,279669
214449,279672
214454,279681
214458,279688
214491,279743
214493,279746
214517,279783
214541,279830
214627,279947
214631,279951
214650,279977
214651,279978
214686,280024
214687,280025
214688,280026
214716,280060
214823,280198
214829,280206
214835,280213
214836,280214
214837,280215
214851,280235
214867,280254
214874,280264
214876,280267
214878,280270
214882,280274
214888,280281
214892,280288
214940,280346
214947,280356
214958,280367
214959,280368
214985,280401
214994,280411
215011,280429
215234,280725
215245,280739
215279,280783
215610,281413
215789,281700
216235,282246
216236,282247
216237,282248
216238,282249
216318,282399
216332,282423
216340,282438
216618,282812
216663,282863
217029,283252
217219,283478
217241,283518
217340,283680
218115,284617
218897,285624
218898,285625
219250,286073
219251,286075
219252,286077
219253,286079
219254,286081
219255,286083
219256,286085
219257,286087
219258,286089
219259,286091
219260,286093
219261,286095
219262,286097
219263,286099
219264,286101
219557,286570
219934,286973
219936,286976
219938,286979
219940,286982
219942,286985
219947,286991
219950,286996
219951,286997
219953,287000
219957,287007
219960,287012
219962,287015
219963,287016
219965,287019
219970,287025
219972,287028
219973,287029
219980,287039
219984,287043
219987,287048
219989,287051
219998,287062
220014,287083
220015,287084
220022,287094
220027,287100
220030,287105
220057,287143
220058,287144
220059,287145
220161,287317
220177,287342
220484,287835
221086,288756
221087,288757
221088,288758
221378,289215
221555,289426
221979,290028
222231,290353
222374,290511
222375,290512
222376,290513
222377,290514
222462,290677
222678,291028
223874,293085
224307,293681
225660,295341
225887,295647
225888,295648
225890,295651
225891,295652
225895,295656
225896,295657
225898,295659
225899,295660
226835,297381
227653,298312
228715,299812
228933,300056
229209,300465
229251,300534
229364,300701
229379,300728
229423,300783
229424,300784
229441,300803
229442,300804
229443,300805
229444,300806
229445,300807
229446,300808
229447,300809
230284,301728
230285,301729
230286,301730
230378,301831
230379,301832
230380,301833
230381,301834
230382,301835
230383,301836
230384,301837
230385,301838
230386,301839
230388,301842
230424,301893
230426,301896
230429,301901
230446,301930
232035,303809
235251,307850
235255,307855
237199,310259
237421,310526
237981,311139
237982,311140
237983,311141
237984,311142
237985,311143
237986,311144
242562,316793
243334,317785
243350,317813
243351,317814
243352,317815
243359,317825
244694,319251
244696,319253
244697,319254
244698,319255
244699,319256
244700,319257
244701,319258
244703,319261
244704,319262
244705,319263
244706,319264
244707,319265
244708,319266
244709,319267
244710,319268
244711,319269
245024,319741
245653,320434
245660,320441
245984,320777
246118,320994
246380,321408
246381,321409
246820,321944
246833,321957
246837,321961
247769,323205
247846,323351
249318,325341
249390,325449
249394,325453
249395,325454
249396,325455
249397,325456
249398,325457
249399,325458
249400,325459
249402,325461
249403,325462
249404,325463
249405,325464
249406,325465
249407,325466
249408,325467
249409,325468
249495,325610
249539,325662
251925,328570
252744,329586
252752,329594
253469,330502
253470,330503
253475,330508
253476,330509
253477,330510
253478,330511
253479,330512
253505,330548
253508,330553
253511,330558
253514,330561
253516,330563
253517,330564
253518,330565
253786,330942
253945,331162
253946,331163
253963,331193
253969,331204
253970,331205
253971,331206
254426,331795
254839,332260
255131,332825
255146,332851
255149,332856
255165,332887
255168,332892
255169,332893
255170,332894
255176,332905
255177,332906
255178,332907
255179,332908
255180,332909
255181,332910
255183,332913
255192,332929
255195,332934
255198,332938
255199,332939
255200,332940
255201,332941
255202,332942
255204,332945
255205,332946
255207,332949
255211,332956
255213,332959
255214,332960
255216,332963
255219,332968
255221,332971
255223,332974
255226,332979
255230,332983
255232,332986
255235,332991
255239,332995
255256,333025
255257,333026
255258,333027
255259,333028
255261,333031
255262,333032
255265,333037
255266,333038
255267,333039
255268,333040
255269,333041
255270,333042
255271,333043
255272,333044
255273,333045
255274,333046
255275,333047
255276,333048
255277,333049
255278,333050
255283,333056
255284,333057
255285,333058
255291,333066
255299,333077
255301,333080
255303,333083
255306,333088
255309,333093
255310,333094
255312,333097
255313,333098
255321,333113
255324,333118
255326,333121
255330,333128
255341,333149
255342,333150
255343,333151
255344,333152
255348,333156
255349,333157
255350,333158
255359,333172
255362,333176
255367,333182
255371,333189
255372,333190
255373,333191
255376,333196
255377,333197
255378,333198
255379,333199
255380,333200
255381,333201
255382,333202
255383,333203
255384,333204
255404,333226
255405,333227
255406,333228
255407,333229
255408,333230
255409,333231
255410,333232
255412,333235
255413,333236
255414,333237
255415,333238
255416,333239
255417,333240
255418,333241
255419,333242
255420,333243
255421,333244
255422,333245
255423,333246
255425,333249
255426,333250
255427,333251
255428,333252
255429,333253
255431,333255
255434,333258
255435,333259
255436,333260
255437,333261
255438,333262
255439,333263
255443,333267
255444,333268
255448,333272
255449,333273
255450,333274
255453,333279
255454,333280
255455,333281
255457,333284
255458,333285
255459,333286
255460,333287
255465,333293
255466,333294
255468,333296
255476,333305
255477,333306
255478,333307
255479,333308
255480,333309
255481,333310
255483,333313
255484,333314
255488,333318
255489,333319
255490,333320
255494,333324
255495,333325
255496,333326
255497,333327
255498,333328
255529,333382
255546,333409
255557,333421
255568,333436
255570,333439
255575,333445
257303,335742
257305,335745
257307,335748
258363,337214
258661,337539
258754,337638
259358,338379
259703,338864
259707,338868
259711,338872
261093,340462
261182,340638
261297,340842
261298,340843
261299,340844
261300,340845
261312,340857
261313,340858
261315,340861
261319,340865
261320,340866
261321,340867
261789,341468
264825,345285
265576,346229
265702,346372
266266,347197
266267,347198
271429,354648
272111,355528
273966,358104
275835,360404
276567,361285
276615,361355
276631,361374
277575,362632
278140,363606
278143,363609
279460,365124
279469,365141
279471,365144
279841,365869
279842,365870
279852,365882
279856,365886
279860,365891
279861,365892
279862,365893
279863,365894
279864,365895
279865,365896
279866,365897
279867,365898
279868,365899
279869,365900
279870,365901
279871,365902
279872,365903
279873,365904
279874,365905
279875,365906
279876,365907
279877,365908
279878,365909
279879,365910
279880,365911
279881,365912
279882,365913
279883,365914
279884,365915
279885,365916
279886,365917
279887,365918
279888,365919
279889,365920
279890,365921
279891,365922
279895,365926
279896,365927
280074,366226
280087,366241
280088,366242
280186,366394
280211,366432
280215,366436
280243,366479
280261,366504
280288,366542
280404,366698
280524,366895
280736,367166
280901,367403
281582,368392
281899,368740
282883,370046
283793,371181
283803,371191
283894,371290
286741,374593
286765,374637
287122,375241
289200,377648
289201,377649
289202,377650
290238,378969
290950,379728
291899,380918
292322,381424
294692,384178
295274,385054
295281,385062
295283,385065
295293,385080
296145,386027
298131,388566
298159,388606
299088,389667
299123,389704
299124,389705
299125,389706
299126,389707
299127,389708
299128,389709
299129,389710
299130,389711
299131,389712
299147,389738
299148,389739
299149,389740
299150,389741
299151,389742
299152,389743
299153,389744
299154,389745
299191,389792
299192,389793
299193,389794
299194,389795
299195,389796
299196,389797
299197,389798
299198,389799
299199,389800
299220,389831
299221,389832
299222,389833
299225,389836
299227,389838
299271,389887
299447,390075
299448,390076
299449,390077
299450,390078
299458,390086
299459,390087
299460,390088
299464,390092
299465,390093
299466,390094
299467,390095
299468,390096
299469,390097
299470,390098
299471,390099
299472,390100
299473,390101
299474,390102
299478,390106
299479,390107
299579,390213
303141,394652
303146,394657
303147,394658
303148,394659
303149,394660
303150,394661
303151,394662
303152,394663
303165,394676
303446,394994
304460,396171
305433,397297
307246,399607
312534,406053
317882,412334
321569,416506
328956,425348
328957,425349
328958,425350
328959,425351
328960,425352
328961,425353
328962,425354
328963,425355
328964,425356
328965,425357
328966,425358
328967,425359
328968,425360
328969,425361
328970,425362
328971,425363
328972,425364
328973,425365
328974,425366
328975,425367
328976,425368
328977,425369
331357,428582
336262,433870
344342,442254
344429,442423
344748,442931
344846,443048
344847,443049
347826,446323
348395,447118
348688,447487
348695,447495
348708,447508
348709,447509
353485,453286
353486,453287
353487,453288
353488,453289
353489,453290
353490,453291
354879,454914
356238,456556
357295,457804
357296,457805
359668,460541
359886,460886
365316,467188
365317,467189
365318,467190
375291,478367
378150,481531
379455,482875
379461,482881
381682,485613
385855,490717
385856,490718
385857,490719
385858,490720
385922,490799
385923,490800
385924,490801
385925,490802
392150,498075
395591,501855
395971,502253
396201,502559
396202,502560
397354,503733
404960,512259
404961,512260
404964,512263
406266,513731
410721,518605
410723,518608
417709,526235
422582,531465
427122,536420
429555,539033
429557,539035
429565,539044
429574,539054
432999,543039
452437,580839
452439,580843
452440,580845
452441,580847
452442,580849
452444,580854
452445,580856
452446,580858
452447,580860
452448,580862
456481,589259
456488,589274
456534,589366
456535,589368
456536,589370
456537,589372
456545,589388
456546,589390
456547,589392
459743,596097
459744,596099
461060,598738
463670,604006
463836,604346
471856,620854
477026,631652
477089,631778
487821,654806
495589,665572
495590,665573
495591,665574
495592,665575
495607,665592
495608,665593
495609,665594
495610,665595
495611,665596
495612,665597
495620,665609
495621,665610
495624,665617
495625,665618
495637,665630
495648,665643
495656,665653
495658,665657
495659,665658
495660,665659
495661,665660
495662,665661
495663,665662
495664,665663
495676,665675
495677,665676
495679,665680
495680,665681
495684,665691
495693,665706
495696,665713
495698,665717
495699,665718
495700,665719
495701,665720
499591,670247
499592,670248
499593,670249
499594,670250
499595,670251
504505,675909
504508,675912
504511,675915
511552,684534
160993,213375
161851,214389
162145,214731
162155,214744
162161,214755
163041,215788
163042,215789
163043,215790
163044,215791
163045,215792
163046,215793
163047,215794
163048,215795
163049,215796
163050,215797
163051,215798
163052,215799
163053,215800
163054,215801
163055,215802
163056,215803
163057,215804
163058,215805
163059,215806
163060,215807
163061,215808
163062,215809
163063,215810
163064,215811
163065,215812
163066,215813
163067,215814
163068,215815
163069,215816
163070,215817
163071,215818
163072,215819
163073,215820
163074,215821
163075,215822
163076,215823
163077,215824
163078,215825
163079,215826
163080,215827
163081,215828
163082,215829
163083,215830
163084,215831
163085,215832
163089,215838
163090,215839
163091,215840
163092,215841
163093,215842
163097,215849
163104,215858
163105,215859
163106,215860
163107,215861
163108,215862
163109,215863
163110,215864
163111,215865
163112,215866
163113,215867
163114,215868
163115,215869
163116,215870
163117,215871
163118,215872
163119,215873
163120,215874
163121,215875
163122,215876
163123,215877
164405,217441
164416,217452
164813,217901
165330,218545
165335,218550
166260,219576
166265,219584
166267,219587
166269,219590
166271,219593
166273,219596
166274,219597
166276,219600
166277,219601
166308,219655
166334,219706
166390,219793
166485,219942
167033,220557
167038,220566
167039,220567
167040,220568
167043,220571
167046,220574
167047,220575
167131,220678
167163,220713
167198,220758
167204,220765
167458,221045
167473,221068
167480,221079
167485,221086
167493,221095
167502,221110
167560,221189
167585,221237
167589,221243
167596,221254
167597,221255
167598,221256
167599,221257
167600,221258
167601,221259
167602,221260
167603,221261
167605,221264
167606,221265
167608,221268
167612,221272
167614,221275
167615,221276
167616,221277
167617,221278
167618,221279
167622,221286
167625,221291
167628,221296
167634,221307
167640,221318
167644,221325
167647,221330
167663,221359
167665,221362
167667,221365
167668,221366
167670,221369
167675,221375
167676,221376
167678,221379
167680,221382
167681,221383
167683,221386
167685,221389
167687,221392
167688,221393
167694,221404
167696,221407
167698,221410
167699,221411
167701,221414
167706,221421
167709,221425
167712,221429
167715,221433
167717,221436
167719,221439
167721,221442
167723,221445
167726,221450
167762,221489
167763,221490
167764,221491
167765,221492
167766,221493
167767,221494
167768,221495
167769,221496
167770,221497
167771,221498
167772,221499
167773,221500
167774,221501
167775,221502
167776,221503
167777,221504
167778,221505
167779,221506
167780,221507
167781,221508
167782,221509
167783,221510
167784,221511
167785,221512
167786,221513
167787,221514
167788,221515
167790,221518
167791,221519
167792,221520
167793,221521
167794,221522
167795,221523
167796,221524
167797,221525
167798,221526
167799,221527
167800,221528
167802,221531
167803,221532
167804,221533
167805,221534
167895,221638
167931,221683
169459,223328
169460,223329
170886,224966
172901,227620
172955,227721
172991,227776
173077,227921
173171,228056
174431,229635
175025,230408
176070,231682
176072,231684
176074,231687
176100,231714
176346,232040
177167,232985
177256,233092
177257,233093
177258,233094
177259,233095
177260,233096
177277,233113
177278,233114
177279,233115
177280,233116
177281,233117
177294,233132
177295,233133
177296,233134
177297,233135
177298,233136
177299,233137
177300,233138
177305,233144
177306,233145
177307,233146
177308,233147
177309,233148
177310,233149
177311,233150
177312,233151
177313,233152
177314,233153
177315,233154
177426,233289
177444,233307
177445,233308
177446,233309
177447,233310
177448,233311
177449,233312
177450,233313
177451,233314
177452,233315
177453,233316
177454,233317
177520,233399
177521,233400
177532,233418
177542,233437
177553,233452
177896,233944
178148,234258
179883,236433
180363,237092
180367,237096
180368,237097
180502,237242
180503,237243
181299,238286
181616,238646
181830,238880
181834,238884
182217,239422
182497,239764
183135,240598
183444,240933
183453,240942
183454,240943
183459,240948
183460,240949
183464,240953
183924,241449
183949,241496
183950,241497
183951,241498
184009,241593
184011,241596
184012,241597
184013,241598
184014,241599
184015,241600
184016,241601
184029,241626
184033,241633
184037,241637
184038,241638
184039,241639
184040,241640
184041,241641
184043,241643
184044,241644
184045,241645
184046,241646
184047,241647
184048,241648
184050,241651
184051,241652
184053,241655
184054,241656
184055,241657
184056,241658
184057,241659
184058,241660
184059,241661
184061,241664
184063,241667
184071,241675
184072,241676
184077,241681
184078,241682
184079,241683
184081,241685
184082,241686
184083,241687
184091,241695
184092,241696
184093,241697
184094,241698
184095,241699
184096,241700
184098,241702
184105,241709
184106,241710
184107,241711
184108,241712
184109,241713
184110,241714
184111,241715
184112,241716
184113,241717
184114,241718
184115,241719
184116,241720
184117,241721
184118,241722
184119,241723
184120,241724
184121,241725
184653,242283
184654,242284
184824,242459
184861,242496
184887,242522
184908,242543
184911,242546
184912,242547
184913,242548
184914,242549
184915,242550
184916,242551
184917,242552
184918,242553
184919,242554
184926,242561
184931,242566
184932,242567
184933,242568
184934,242569
184935,242570
184936,242571
184938,242574
184950,242587
184969,242608
184970,242609
184973,242614
184985,242626
184988,242631
184990,242634
184992,242637
185012,242659
185014,242662
185017,242667
185021,242672
185023,242674
185024,242675
185025,242676
185026,242677
185027,242678
185039,242690
185040,242691
185041,242692
185042,242693
185043,242694
185044,242695
185054,242705
185055,242706
185056,242707
185065,242716
185076,242727
185086,242737
185087,242738
185088,242739
185097,242748
185098,242749
185099,242750
185100,242751
185101,242752
185102,242753
185103,242754
185107,242758
185155,242806
185156,242807
185157,242808
185158,242809
185159,242810
185160,242811
185161,242812
185162,242813
185169,242820
185171,242822
185176,242827
185177,242828
185178,242829
185179,242830
185187,242838
185522,243179
185523,243180
185549,243206
185550,243207
185551,243208
185552,243209
185556,243213
186724,244415
187224,245003
187318,245103
187376,245170
187383,245177
187765,245605
187770,245615
187950,245929
188200,246239
188338,246386
188339,246387
188340,246388
188344,246392
188359,246411
188453,246518
188457,246522
188458,246523
188463,246528
188557,246625
188563,246634
188564,246635
188571,246642
188576,246647
188577,246648
188579,246651
188595,246671
188599,246675
188675,246759
188676,246760
188677,246761
188678,246762
188679,246763
188680,246764
188968,247131
189010,247186
189015,247191
189026,247203
189027,247204
189088,247282
189092,247289
189096,247294
189100,247300
189102,247303
189104,247306
189105,247307
189107,247310
189109,247313
189110,247314
189112,247317
189114,247320
189115,247321
189119,247328
189123,247332
189125,247335
189126,247336
189128,247339
189129,247340
189130,247341
189131,247342
189132,247343
189134,247346
189135,247347
189140,247353
189141,247354
189180,247418
189181,247419
189182,247420
189184,247423
189185,247424
189230,247507
189231,247508
189232,247509
189234,247512
189238,247518
189247,247529
189250,247534
189251,247535
189252,247536
189253,247537
189254,247538
189255,247539
189266,247550
189267,247551
189521,247921
189522,247922
189524,247925
189525,247926
189526,247927
189530,247931
189532,247934
189533,247935
189536,247939
189537,247940
189538,247941
189539,247942
189540,247943
189541,247944
189542,247945
189543,247946
189544,247947
189546,247950
189547,247951
189548,247952
189549,247953
189550,247954
189551,247955
189552,247956
189553,247957
189554,247958
189555,247959
189556,247960
189557,247961
189558,247962
189559,247963
189564,247972
189565,247973
189568,247978
189571,247983
189572,247984
189575,247989
189576,247990
189577,247991
189578,247992
189579,247993
190288,248782
190304,248799
190309,248804
190349,248858
190850,249537
190866,249568
191029,249837
191070,249912
191071,249914
191072,249916
191073,249918
191074,249920
191075,249922
191076,249924
191077,249926
191078,249928
191079,249930
191080,249932
191081,249934
191082,249936
191083,249938
191084,249940
191085,249942
191086,249944
191087,249946
191088,249948
191089,249950
191090,249952
191091,249954
191092,249956
191093,249958
191094,249960
191095,249962
191096,249964
191097,249966
191100,249970
191102,249973
191103,249975
191104,249977
191105,249979
191106,249981
191107,249983
191108,249985
191110,249989
191111,249991
191112,249993
191113,249995
191117,250000
191118,250002
191119,250004
191120,250006
191121,250008
191126,250014
191129,250018
191130,250020
191131,250022
191132,250024
191133,250026
191134,250028
191135,250030
191136,250032
191137,250034
191138,250036
191139,250038
191140,250040
191141,250042
191142,250044
191143,250046
191144,250048
191148,250053
191149,250055
191150,250057
191151,250059
191152,250061
191153,250063
191154,250065
191155,250067
191156,250069
191158,250073
191172,250097
191173,250099
191174,250101
191175,250103
191176,250105
191177,250107
191178,250109
191179,250111
191180,250113
191181,250115
191182,250117
191183,250119
191185,250122
191186,250124
191187,250126
191188,250128
191189,250130
191190,250132
191191,250134
191192,250136
191193,250138
191194,250140
191195,250142
191196,250144
191197,250146
191198,250148
191199,250150
191200,250152
191201,250154
191202,250156
191203,250158
191204,250160
191205,250162
191206,250164
191207,250166
191208,250168
191729,250796
191907,251018
192096,251321
193517,253105
193518,253106
193519,253107
193520,253108
193521,253109
193927,253557
194400,254119
194784,254603
194785,254604
194892,254734
195164,255050
195179,255070
195191,255084
195638,255747
195639,255748
195658,255767
195659,255768
195660,255769
195661,255770
195662,255771
195663,255772
195664,255773
195666,255775
195672,255781
196316,256476
196558,256773
196681,256975
196682,256976
196684,256979
196685,256980
196686,256981
196687,256982
196688,256983
196689,256984
196691,256987
196692,256988
196693,256989
196694,256990
196695,256991
196696,256992
196697,256993
196698,256994
196702,256998
196703,256999
196704,257000
196715,257011
196716,257012
196717,257013
196718,257014
196719,257015
196720,257016
196721,257017
196722,257018
196723,257019
196724,257020
196725,257021
196726,257022
196727,257023
196730,257026
196732,257028
196733,257029
196734,257030
196735,257031
196736,257032
196737,257033
196765,257069
196832,257177
196833,257178
196834,257179
196835,257180
196837,257183
196839,257186
196840,257187
196841,257188
196845,257195
196846,257196
196847,257197
196848,257198
196859,257209
196860,257210
196861,257211
196862,257212
196863,257213
196864,257214
196868,257218
196869,257219
196870,257220
196871,257221
196872,257222
196873,257223
196874,257224
196875,257225
196876,257226
196877,257227
196878,257228
196882,257232
196883,257233
196884,257234
196885,257235
196886,257236
196887,257237
196888,257238
196889,257239
196890,257240
196891,257241
196892,257242
196896,257246
196899,257251
196901,257254
196902,257255
196904,257258
196905,257259
196906,257260
196907,257261
196909,257264
196910,257265
196914,257269
196916,257271
196917,257272
196918,257273
196919,257274
196920,257275
196924,257279
197862,258349
198182,258788
198183,258789
198388,259062
198389,259063
198390,259064
198391,259065
198392,259066
198393,259067
198394,259068
198395,259069
198397,259072
198398,259073
198399,259074
198400,259075
198401,259076
198402,259077
198403,259078
198404,259079
198405,259080
198406,259081
198411,259086
198412,259087
198413,259088
198414,259089
198415,259090
198416,259091
198417,259092
198418,259093
198419,259094
198420,259095
198421,259096
198422,259097
198440,259115
198441,259116
198442,259117
198447,259122
198448,259123
198449,259124
198450,259125
198451,259126
198452,259127
198453,259128
198454,259129
198455,259130
198456,259131
198457,259132
198458,259133
198459,259134
198460,259135
198461,259136
198462,259137
198463,259138
198468,259143
198469,259144
198470,259145
198471,259146
198472,259147
198473,259148
198474,259149
198475,259150
198476,259151
198477,259152
198478,259153
198479,259154
198480,259155
198481,259156
199594,260413
199595,260414
199596,260415
199598,260418
199599,260419
199600,260420
199601,260421
199603,260424
199604,260425
199605,260426
199606,260427
199607,260428
199609,260431
199610,260432
199611,260433
199613,260436
199614,260437
199621,260450
199622,260451
199623,260452
199624,260453
199625,260454
199626,260455
199627,260456
199628,260457
199630,260460
199631,260461
199632,260462
199633,260463
199634,260464
199669,260525
199670,260526
199677,260539
199683,260550
199686,260555
199688,260558
199693,260567
199694,260568
199695,260569
199696,260570
199697,260571
199698,260572
199699,260573
199700,260574
199701,260575
199702,260576
199703,260577
199704,260578
199705,260579
199706,260580
199768,260680
199784,260699
199815,260742
199893,260859
199947,260922
200576,261680
201264,262663
201267,262668
201268,262669
201269,262670
201271,262673
201272,262674
201273,262675
201275,262678
201276,262679
201279,262684
201280,262685
201282,262688
201284,262691
201288,262698
201291,262703
201293,262706
201295,262709
201296,262710
201297,262711
201298,262712
201300,262715
201302,262718
201304,262721
201310,262729
201311,262730
201313,262733
201315,262736
201316,262737
201318,262740
201320,262743
201321,262744
201325,262751
201327,262754
201328,262755
201329,262756
201330,262757
201332,262760
201334,262763
201335,262764
201340,262770
201341,262771
201343,262774
201345,262777
201346,262778
201357,262799
201358,262800
201359,262801
201365,262812
201367,262815
201368,262816
201372,262823
201373,262824
201374,262825
201375,262826
201376,262827
201384,262838
201385,262839
201387,262842
201388,262843
201389,262844
201390,262845
201392,262848
201393,262849
201396,262854
201397,262855
201398,262856
201399,262857
201401,262860
201402,262861
201403,262862
201405,262865
201408,262868
201410,262870
201411,262871
201415,262878
201417,262881
201418,262882
201419,262883
201420,262884
201422,262887
201424,262890
201427,262895
201428,262896
201429,262897
201431,262900
201432,262901
201433,262902
201439,262910
201440,262911
201441,262912
201442,262913
201444,262916
201450,262924
201451,262925
201452,262926
201453,262927
201454,262928
201455,262929
201456,262930
201457,262931
201458,262932
201459,262933
201460,262934
201461,262935
201462,262936
201463,262937
201464,262938
201465,262939
201466,262940
201467,262941
201468,262942
201469,262943
201470,262944
201471,262945
201472,262946
201473,262947
201474,262948
201475,262949
201476,262950
201477,262951
201478,262952
201604,263126
201608,263130
201609,263131
201610,263132
201611,263133
201612,263134
201613,263135
201614,263136
201615,263137
201616,263138
201617,263139
201618,263140
201619,263141
201620,263142
201621,263143
201622,263144
201623,263145
201624,263146
201625,263147
201626,263148
201627,263149
201628,263150
201629,263151
201630,263152
201631,263153
201632,263154
201633,263155
201634,263156
201635,263157
201636,263158
201637,263159
201638,263160
201639,263161
201640,263162
201641,263163
201642,263164
201643,263165
201644,263166
201648,263170
201649,263171
201650,263172
201654,263176
201655,263177
201656,263178
201657,263179
201658,263180
201659,263181
201675,263197
201677,263200
201678,263201
201679,263202
201681,263205
201682,263206
201683,263207
201687,263211
201688,263212
201689,263213
201693,263217
201694,263218
201695,263219
201696,263220
201697,263221
201698,263222
201699,263223
201700,263224
201701,263225
201702,263226
201703,263227
201704,263228
201705,263229
201706,263230
201707,263231
201708,263232
201709,263233
201710,263234
201711,263235
201712,263236
201713,263237
201714,263238
201715,263239
201716,263240
201717,263241
201718,263242
201719,263243
201720,263244
201721,263245
201722,263246
201723,263247
201724,263248
201754,263283
201755,263284
201756,263285
201757,263286
201758,263287
201759,263288
201760,263289
201761,263290
201762,263291
201763,263292
201764,263293
201765,263294
201766,263295
201767,263296
201768,263297
201769,263298
202228,263865
202235,263878
202400,264157
202705,264489
202878,264666
203082,264882
203210,265067
203295,265211
203374,265325
204039,266107
204375,266577
204747,266997
204755,267012
204757,267015
204761,267019
204763,267021
204764,267022
204765,267023
205287,267681
205291,267685
205312,267707
205321,267716
205328,267723
205329,267724
205330,267725
205331,267726
205332,267727
205333,267728
205334,267729
205335,267730
205336,267731
205337,267732
205338,267733
205339,267734
205340,267735
205348,267744
205349,267745
205350,267746
205351,267747
205352,267748
205353,267749
205354,267750
205355,267751
205356,267752
205360,267759
205361,267760
205362,267761
205363,267762
205364,267763
205365,267764
205366,267765
205367,267766
205368,267767
205369,267768
205370,267769
205371,267770
205372,267771
205373,267772
205377,267776
205382,267781
205383,267782
205384,267783
205385,267784
205392,267794
205393,267795
205394,267796
205395,267797
205397,267800
205402,267806
205404,267809
205407,267814
205408,267815
205410,267818
205415,267824
205418,267829
205421,267834
205423,267837
205426,267842
205427,267843
205429,267846
205434,267851
205439,267857
205441,267859
205878,268337
205879,268338
205938,268417
205940,268420
205956,268451
205959,268456
205960,268457
205961,268458
205962,268459
205963,268460
205965,268463
205966,268464
205967,268465
205968,268466
205969,268467
205970,268468
205972,268471
205973,268472
205975,268475
205976,268476
205978,268479
205979,268480
205980,268481
205981,268482
205982,268483
205983,268484
205986,268489
205987,268490
205988,268491
205989,268492
205991,268494
205992,268495
205993,268496
205994,268497
205995,268498
205996,268499
206002,268507
206003,268508
206004,268509
206006,268512
206018,268535
206019,268536
206021,268539
206022,268540
206023,268541
206024,268542
206025,268543
206026,268544
206027,268545
206029,268548
206399,269005
206400,269006
206401,269007
206407,269014
206408,269015
206409,269016
206410,269017
206411,269018
206412,269019
206413,269020
206414,269021
206415,269022
206416,269023
206417,269024
206418,269025
206423,269031
206424,269032
206425,269033
206426,269034
206427,269035
206428,269036
206429,269037
206430,269038
206431,269039
206432,269040
206433,269041
206434,269042
206435,269043
206436,269044
206437,269045
206438,269046
206439,269047
206440,269048
206441,269049
206442,269050
206446,269054
206447,269055
206448,269056
206449,269057
206450,269058
206451,269059
206452,269060
206453,269061
206454,269062
206542,269161
206543,269162
206546,269165
206549,269168
206550,269169
206603,269231
207575,270521
208021,271085
208358,271502
208564,271782
209880,273463
209881,273464
209883,273467
209884,273468
209895,273479
209902,273486
209909,273493
209919,273503
209920,273504
209921,273505
209933,273522
209941,273531
210765,274526
210872,274655
210873,274656
210874,274657
210877,274660
210878,274661
210879,274662
210884,274667
210889,274672
210899,274684
210908,274693
210910,274695
210911,274696
210916,274701
210917,274702
210922,274706
210923,274707
210954,274740
211335,275199
211336,275200
211480,275388
211522,275438
211577,275541
211591,275568
211609,275596
211682,275735
211852,276027
211921,276128
212789,277326
213330,278156
213358,278206
213382,278246
213722,278763
213880,278955
213911,278997
214342,279510
214376,279561
214401,279601
214435,279652
214438,279657
214439,279658
214441,279661
214447,279669
214449,279672
214454,279681
214458,279688
214491,279743
214493,279746
214517,279783
214541,279830
214627,279947
214631,279951
214650,279977
214651,279978
214686,280024
214687,280025
214688,280026
214716,280060
214823,280198
214829,280206
214835,280213
214836,280214
214837,280215
214851,280235
214867,280254
214874,280264
214876,280267
214878,280270
214882,280274
214888,280281
214892,280288
214940,280346
214947,280356
214958,280367
214959,280368
214985,280401
214994,280411
215011,280429
215234,280725
215245,280739
215279,280783
215610,281413
215789,281700
216235,282246
216236,282247
216237,282248
216238,282249
216318,282399
216332,282423
216340,282438
216618,282812
216663,282863
217029,283252
217219,283478
217241,283518
217340,283680
218115,284617
218897,285624
218898,285625
219250,286073
219251,286075
219252,286077
219253,286079
219254,286081
219255,286083
219256,286085
219257,286087
219258,286089
219259,286091
219260,286093
219261,286095
219262,286097
219263,286099
219264,286101
219557,286570
219934,286973
219936,286976
219938,286979
219940,286982
219942,286985
219947,286991
219950,286996
219951,286997
219953,287000
219957,287007
219960,287012
219962,287015
219963,287016
219965,287019
219970,287025
219972,287028
219973,287029
219980,287039
219984,287043
219987,287048
219989,287051
219998,287062
220014,287083
220015,287084
220022,287094
220027,287100
220030,287105
220057,287143
220058,287144
220059,287145
220161,287317
220177,287342
220484,287835
221086,288756
221087,288757
221088,288758
221378,289215
221555,289426
221979,290028
222231,290353
222374,290511
222375,290512
222376,290513
222377,290514
222462,290677
222678,291028
223874,293085
224307,293681
225660,295341
225887,295647
225888,295648
225890,295651
225891,295652
225895,295656
225896,295657
225898,295659
225899,295660
226835,297381
227653,298312
228715,299812
228933,300056
229209,300465
229251,300534
229364,300701
229379,300728
229423,300783
229424,300784
229441,300803
229442,300804
229443,300805
229444,300806
229445,300807
229446,300808
229447,300809
230284,301728
230285,301729
230286,301730
230378,301831
230379,301832
230380,301833
230381,301834
230382,301835
230383,301836
230384,301837
230385,301838
230386,301839
230388,301842
230424,301893
230426,301896
230429,301901
230446,301930
232035,303809
235251,307850
235255,307855
237199,310259
237421,310526
237981,311139
237982,311140
237983,311141
237984,311142
237985,311143
237986,311144
242562,316793
243334,317785
243350,317813
243351,317814
243352,317815
243359,317825
244694,319251
244696,319253
244697,319254
244698,319255
244699,319256
244700,319257
244701,319258
244703,319261
244704,319262
244705,319263
244706,319264
244707,319265
244708,319266
244709,319267
244710,319268
244711,319269
245024,319741
245653,320434
245660,320441
245984,320777
246118,320994
246380,321408
246381,321409
246820,321944
246833,321957
246837,321961
247769,323205
247846,323351
249318,325341
249390,325449
249394,325453
249395,325454
249396,325455
249397,325456
249398,325457
249399,325458
249400,325459
249402,325461
249403,325462
249404,325463
249405,325464
249406,325465
249407,325466
249408,325467
249409,325468
249495,325610
249539,325662
251925,328570
252744,329586
252752,329594
253469,330502
253470,330503
253475,330508
253476,330509
253477,330510
253478,330511
253479,330512
253505,330548
253508,330553
253511,330558
253514,330561
253516,330563
253517,330564
253518,330565
253786,330942
253945,331162
253946,331163
253963,331193
253969,331204
253970,331205
253971,331206
254426,331795
254839,332260
255131,332825
255146,332851
255149,332856
255165,332887
255168,332892
255169,332893
255170,332894
255176,332905
255177,332906
255178,332907
255179,332908
255180,332909
255181,332910
255183,332913
255192,332929
255195,332934
255198,332938
255199,332939
255200,332940
255201,332941
255202,332942
255204,332945
255205,332946
255207,332949
255211,332956
255213,332959
255214,332960
255216,332963
255219,332968
255221,332971
255223,332974
255226,332979
255230,332983
255232,332986
255235,332991
255239,332995
255256,333025
255257,333026
255258,333027
255259,333028
255261,333031
255262,333032
255265,333037
255266,333038
255267,333039
255268,333040
255269,333041
255270,333042
255271,333043
255272,333044
255273,333045
255274,333046
255275,333047
255276,333048
255277,333049
255278,333050
255283,333056
255284,333057
255285,333058
255291,333066
255299,333077
255301,333080
255303,333083
255306,333088
255309,333093
255310,333094
255312,333097
255313,333098
255321,333113
255324,333118
255326,333121
255330,333128
255341,333149
255342,333150
255343,333151
255344,333152
255348,333156
255349,333157
255350,333158
255359,333172
255362,333176
255367,333182
255371,333189
255372,333190
255373,333191
255376,333196
255377,333197
255378,333198
255379,333199
255380,333200
255381,333201
255382,333202
255383,333203
255384,333204
255404,333226
255405,333227
255406,333228
255407,333229
255408,333230
255409,333231
255410,333232
255412,333235
255413,333236
255414,333237
255415,333238
255416,333239
255417,333240
255418,333241
255419,333242
255420,333243
255421,333244
255422,333245
255423,333246
255425,333249
255426,333250
255427,333251
255428,333252
255429,333253
255431,333255
255434,333258
255435,333259
255436,333260
255437,333261
255438,333262
255439,333263
255443,333267
255444,333268
255448,333272
255449,333273
255450,333274
255453,333279
255454,333280
255455,333281
255457,333284
255458,333285
255459,333286
255460,333287
255465,333293
255466,333294
255468,333296
255476,333305
255477,333306
255478,333307
255479,333308
255480,333309
255481,333310
255483,333313
255484,333314
255488,333318
255489,333319
255490,333320
255494,333324
255495,333325
255496,333326
255497,333327
255498,333328
255529,333382
255546,333409
255557,333421
255568,333436
255570,333439
255575,333445
257303,335742
257305,335745
257307,335748
258363,337214
258661,337539
258754,337638
259358,338379
259703,338864
259707,338868
259711,338872
261093,340462
261182,340638
261297,340842
261298,340843
261299,340844
261300,340845
261312,340857
261313,340858
261315,340861
261319,340865
261320,340866
261321,340867
261789,341468
264825,345285
265576,346229
265702,346372
266266,347197
266267,347198
271429,354648
272111,355528
273966,358104
275835,360404
276567,361285
276615,361355
276631,361374
277575,362632
278140,363606
278143,363609
279460,365124
279469,365141
279471,365144
279841,365869
279842,365870
279852,365882
279856,365886
279860,365891
279861,365892
279862,365893
279863,365894
279864,365895
279865,365896
279866,365897
279867,365898
279868,365899
279869,365900
279870,365901
279871,365902
279872,365903
279873,365904
279874,365905
279875,365906
279876,365907
279877,365908
279878,365909
279879,365910
279880,365911
279881,365912
279882,365913
279883,365914
279884,365915
279885,365916
279886,365917
279887,365918
279888,365919
279889,365920
279890,365921
279891,365922
279895,365926
279896,365927
280074,366226
280087,366241
280088,366242
280186,366394
280211,366432
280215,366436
280243,366479
280261,366504
280288,366542
280404,366698
280524,366895
280736,367166
280901,367403
281582,368392
281899,368740
282883,370046
283793,371181
283803,371191
283894,371290
286741,374593
286765,374637
287122,375241
289200,377648
289201,377649
289202,377650
290238,378969
290950,379728
291899,380918
292322,381424
294692,384178
295274,385054
295281,385062
295283,385065
295293,385080
296145,386027
298131,388566
298159,388606
299088,389667
299123,389704
299124,389705
299125,389706
299126,389707
299127,389708
299128,389709
299129,389710
299130,389711
299131,389712
299147,389738
299148,389739
299149,389740
299150,389741
299151,389742
299152,389743
299153,389744
299154,389745
299191,389792
299192,389793
299193,389794
299194,389795
299195,389796
299196,389797
299197,389798
299198,389799
299199,389800
299220,389831
299221,389832
299222,389833
299225,389836
299227,389838
299271,389887
299447,390075
299448,390076
299449,390077
299450,390078
299458,390086
299459,390087
299460,390088
299464,390092
299465,390093
299466,390094
299467,390095
299468,390096
299469,390097
299470,390098
299471,390099
299472,390100
299473,390101
299474,390102
299478,390106
299479,390107
299579,390213
303141,394652
303146,394657
303147,394658
303148,394659
303149,394660
303150,394661
303151,394662
303152,394663
303165,394676
303446,394994
304460,396171
305433,397297
307246,399607
312534,406053
317882,412334
321569,416506
328956,425348
328957,425349
328958,425350
328959,425351
328960,425352
328961,425353
328962,425354
328963,425355
328964,425356
328965,425357
328966,425358
328967,425359
328968,425360
328969,425361
328970,425362
328971,425363
328972,425364
328973,425365
328974,425366
328975,425367
328976,425368
328977,425369
331357,428582
336262,433870
344342,442254
344429,442423
344748,442931
344846,443048
344847,443049
347826,446323
348395,447118
348688,447487
348695,447495
348708,447508
348709,447509
353485,453286
353486,453287
353487,453288
353488,453289
353489,453290
353490,453291
354879,454914
356238,456556
357295,457804
357296,457805
359668,460541
359886,460886
365316,467188
365317,467189
365318,467190
375291,478367
378150,481531
379455,482875
379461,482881
381682,485613
385855,490717
385856,490718
385857,490719
385858,490720
385922,490799
385923,490800
385924,490801
385925,490802
392150,498075
395591,501855
395971,502253
396201,502559
396202,502560
397354,503733
404960,512259
404961,512260
404964,512263
406266,513731
410721,518605
410723,518608
417709,526235
422582,531465
427122,536420
429555,539033
429557,539035
429565,539044
429574,539054
432999,543039
452437,580839
452439,580843
452440,580845
452441,580847
452442,580849
452444,580854
452445,580856
452446,580858
452447,580860
452448,580862
456481,589259
456488,589274
456534,589366
456535,589368
456536,589370
456537,589372
456545,589388
456546,589390
456547,589392
459743,596097
459744,596099
461060,598738
463670,604006
463836,604346
471856,620854
477026,631652
477089,631778
487821,654806
495589,665572
495590,665573
495591,665574
495592,665575
495607,665592
495608,665593
495609,665594
495610,665595
495611,665596
495612,665597
495620,665609
495621,665610
495624,665617
495625,665618
495637,665630
495648,665643
495656,665653
495658,665657
495659,665658
495660,665659
495661,665660
495662,665661
495663,665662
495664,665663
495676,665675
495677,665676
495679,665680
495680,665681
495684,665691
495693,665706
495696,665713
495698,665717
495699,665718
495700,665719
495701,665720
499591,670247
499592,670248
499593,670249
499594,670250
499595,670251
504505,675909
504508,675912
504511,675915
511552,684534
160993,213375
161851,214389
162145,214731
162155,214744
162161,214755
163041,215788
163042,215789
163043,215790
163044,215791
163045,215792
163046,215793
163047,215794
163048,215795
163049,215796
163050,215797
163051,215798
163052,215799
163053,215800
163054,215801
163055,215802
163056,215803
163057,215804
163058,215805
163059,215806
163060,215807
163061,215808
163062,215809
163063,215810
163064,215811
163065,215812
163066,215813
163067,215814
163068,215815
163069,215816
163070,215817
163071,215818
163072,215819
163073,215820
163074,215821
163075,215822
163076,215823
163077,215824
163078,215825
163079,215826
163080,215827
163081,215828
163082,215829
163083,215830
163084,215831
163085,215832
163089,215838
163090,215839
163091,215840
163092,215841
163093,215842
163097,215849
163104,215858
163105,215859
163106,215860
163107,215861
163108,215862
163109,215863
163110,215864
163111,215865
163112,215866
163113,215867
163114,215868
163115,215869
163116,215870
163117,215871
163118,215872
163119,215873
163120,215874
163121,215875
163122,215876
163123,215877
164405,217441
164416,217452
164813,217901
165330,218545
165335,218550
166260,219576
166265,219584
166267,219587
166269,219590
166271,219593
166273,219596
166274,219597
166276,219600
166277,219601
166308,219655
166334,219706
166390,219793
166485,219942
167033,220557
167038,220566
167039,220567
167040,220568
167043,220571
167046,220574
167047,220575
167131,220678
167163,220713
167198,220758
167204,220765
167458,221045
167473,221068
167480,221079
167485,221086
167493,221095
167502,221110
167560,221189
167585,221237
167589,221243
167596,221254
167597,221255
167598,221256
167599,221257
167600,221258
167601,221259
167602,221260
167603,221261
167605,221264
167606,221265
167608,221268
167612,221272
167614,221275
167615,221276
167616,221277
167617,221278
167618,221279
167622,221286
167625,221291
167628,221296
167634,221307
167640,221318
167644,221325
167647,221330
167663,221359
167665,221362
167667,221365
167668,221366
167670,221369
167675,221375
167676,221376
167678,221379
167680,221382
167681,221383
167683,221386
167685,221389
167687,221392
167688,221393
167694,221404
167696,221407
167698,221410
167699,221411
167701,221414
167706,221421
167709,221425
167712,221429
167715,221433
167717,221436
167719,221439
167721,221442
167723,221445
167726,221450
167762,221489
167763,221490
167764,221491
167765,221492
167766,221493
167767,221494
167768,221495
167769,221496
167770,221497
167771,221498
167772,221499
167773,221500
167774,221501
167775,221502
167776,221503
167777,221504
167778,221505
167779,221506
167780,221507
167781,221508
167782,221509
167783,221510
167784,221511
167785,221512
167786,221513
167787,221514
167788,221515
167790,221518
167791,221519
167792,221520
167793,221521
167794,221522
167795,221523
167796,221524
167797,221525
167798,221526
167799,221527
167800,221528
167802,221531
167803,221532
167804,221533
167805,221534
167895,221638
167931,221683
169459,223328
169460,223329
170886,224966
172901,227620
172955,227721
172991,227776
173077,227921
173171,228056
174431,229635
175025,230408
176070,231682
176072,231684
176074,231687
176100,231714
176346,232040
177167,232985
177256,233092
177257,233093
177258,233094
177259,233095
177260,233096
177277,233113
177278,233114
177279,233115
177280,233116
177281,233117
177294,233132
177295,233133
177296,233134
177297,233135
177298,233136
177299,233137
177300,233138
177305,233144
177306,233145
177307,233146
177308,233147
177309,233148
177310,233149
177311,233150
177312,233151
177313,233152
177314,233153
177315,233154
177426,233289
177444,233307
177445,233308
177446,233309
177447,233310
177448,233311
177449,233312
177450,233313
177451,233314
177452,233315
177453,233316
177454,233317
177520,233399
177521,233400
177532,233418
177542,233437
177553,233452
177896,233944
178148,234258
179883,236433
180363,237092
180367,237096
180368,237097
180502,237242
180503,237243
181299,238286
181616,238646
181830,238880
181834,238884
182217,239422
182497,239764
183135,240598
183444,240933
183453,240942
183454,240943
183459,240948
183460,240949
183464,240953
183924,241449
183949,241496
183950,241497
183951,241498
184009,241593
184011,241596
184012,241597
184013,241598
184014,241599
184015,241600
184016,241601
184029,241626
184033,241633
184037,241637
184038,241638
184039,241639
184040,241640
184041,241641
184043,241643
184044,241644
184045,241645
184046,241646
184047,241647
184048,241648
184050,241651
184051,241652
184053,241655
184054,241656
184055,241657
184056,241658
184057,241659
184058,241660
184059,241661
184061,241664
184063,241667
184071,241675
184072,241676
184077,241681
184078,241682
184079,241683
184081,241685
184082,241686
184083,241687
184091,241695
184092,241696
184093,241697
184094,241698
184095,241699
184096,241700
184098,241702
184105,241709
184106,241710
184107,241711
184108,241712
184109,241713
184110,241714
184111,241715
184112,241716
184113,241717
184114,241718
184115,241719
184116,241720
184117,241721
184118,241722
184119,241723
184120,241724
184121,241725
184653,242283
184654,242284
184824,242459
184861,242496
184887,242522
184908,242543
184911,242546
184912,242547
184913,242548
184914,242549
184915,242550
184916,242551
184917,242552
184918,242553
184919,242554
184926,242561
184931,242566
184932,242567
184933,242568
184934,242569
184935,242570
184936,242571
184938,242574
184950,242587
184969,242608
184970,242609
184973,242614
184985,242626
184988,242631
184990,242634
184992,242637
185012,242659
185014,242662
185017,242667
185021,242672
185023,242674
185024,242675
185025,242676
185026,242677
185027,242678
185039,242690
185040,242691
185041,242692
185042,242693
185043,242694
185044,242695
185054,242705
185055,242706
185056,242707
185065,242716
185076,242727
185086,242737
185087,242738
185088,242739
185097,242748
185098,242749
185099,242750
185100,242751
185101,242752
185102,242753
185103,242754
185107,242758
185155,242806
185156,242807
185157,242808
185158,242809
185159,242810
185160,242811
185161,242812
185162,242813
185169,242820
185171,242822
185176,242827
185177,242828
185178,242829
185179,242830
185187,242838
185522,243179
185523,243180
185549,243206
185550,243207
185551,243208
185552,243209
185556,243213
186724,244415
187224,245003
187318,245103
187376,245170
187383,245177
187765,245605
187770,245615
187950,245929
188200,246239
188338,246386
188339,246387
188340,246388
188344,246392
188359,246411
188453,246518
188457,246522
188458,246523
188463,246528
188557,246625
188563,246634
188564,246635
188571,246642
188576,246647
188577,246648
188579,246651
188595,246671
188599,246675
188675,246759
188676,246760
188677,246761
188678,246762
188679,246763
188680,246764
188968,247131
189010,247186
189015,247191
189026,247203
189027,247204
189088,247282
189092,247289
189096,247294
189100,247300
189102,247303
189104,247306
189105,247307
189107,247310
189109,247313
189110,247314
189112,247317
189114,247320
189115,247321
189119,247328
189123,247332
189125,247335
189126,247336
189128,247339
189129,247340
189130,247341
189131,247342
189132,247343
189134,247346
189135,247347
189140,247353
189141,247354
189180,247418
189181,247419
189182,247420
189184,247423
189185,247424
189230,247507
189231,247508
189232,247509
189234,247512
189238,247518
189247,247529
189250,247534
189251,247535
189252,247536
189253,247537
189254,247538
189255,247539
189266,247550
189267,247551
189521,247921
189522,247922
189524,247925
189525,247926
189526,247927
189530,247931
189532,247934
189533,247935
189536,247939
189537,247940
189538,247941
189539,247942
189540,247943
189541,247944
189542,247945
189543,247946
189544,247947
189546,247950
189547,247951
189548,247952
189549,247953
189550,247954
189551,247955
189552,247956
189553,247957
189554,247958
189555,247959
189556,247960
189557,247961
189558,247962
189559,247963
189564,247972
189565,247973
189568,247978
189571,247983
189572,247984
189575,247989
189576,247990
189577,247991
189578,247992
189579,247993
190288,248782
190304,248799
190309,248804
190349,248858
190850,249537
190866,249568
191029,249837
191070,249912
191071,249914
191072,249916
191073,249918
191074,249920
191075,249922
191076,249924
191077,249926
191078,249928
191079,249930
191080,249932
191081,249934
191082,249936
191083,249938
191084,249940
191085,249942
191086,249944
191087,249946
191088,249948
191089,249950
191090,249952
191091,249954
191092,249956
191093,249958
191094,249960
191095,249962
191096,249964
191097,249966
191100,249970
191102,249973
191103,249975
191104,249977
191105,249979
191106,249981
191107,249983
191108,249985
191110,249989
191111,249991
191112,249993
191113,249995
191117,250000
191118,250002
191119,250004
191120,250006
191121,250008
191126,250014
191129,250018
191130,250020
191131,250022
191132,250024
191133,250026
191134,250028
191135,250030
191136,250032
191137,250034
191138,250036
191139,250038
191140,250040
191141,250042
191142,250044
191143,250046
191144,250048
191148,250053
191149,250055
191150,250057
191151,250059
191152,250061
191153,250063
191154,250065
191155,250067
191156,250069
191158,250073
191172,250097
191173,250099
191174,250101
191175,250103
191176,250105
191177,250107
191178,250109
191179,250111
191180,250113
191181,250115
191182,250117
191183,250119
191185,250122
191186,250124
191187,250126
191188,250128
191189,250130
191190,250132
191191,250134
191192,250136
191193,250138
191194,250140
191195,250142
191196,250144
191197,250146
191198,250148
191199,250150
191200,250152
191201,250154
191202,250156
191203,250158
191204,250160
191205,250162
191206,250164
191207,250166
191208,250168
191729,250796
191907,251018
192096,251321
193517,253105
193518,253106
193519,253107
193520,253108
193521,253109
193927,253557
194400,254119
194784,254603
194785,254604
194892,254734
195164,255050
195179,255070
195191,255084
195638,255747
195639,255748
195658,255767
195659,255768
195660,255769
195661,255770
195662,255771
195663,255772
195664,255773
195666,255775
195672,255781
196316,256476
196558,256773
196681,256975
196682,256976
196684,256979
196685,256980
196686,256981
196687,256982
196688,256983
196689,256984
196691,256987
196692,256988
196693,256989
196694,256990
196695,256991
196696,256992
196697,256993
196698,256994
196702,256998
196703,256999
196704,257000
196715,257011
196716,257012
196717,257013
196718,257014
196719,257015
196720,257016
196721,257017
196722,257018
196723,257019
196724,257020
196725,257021
196726,257022
196727,257023
196730,257026
196732,257028
196733,257029
196734,257030
196735,257031
196736,257032
196737,257033
196765,257069
196832,257177
196833,257178
196834,257179
196835,257180
196837,257183
196839,257186
196840,257187
196841,257188
196845,257195
196846,257196
196847,257197
196848,257198
196859,257209
196860,257210
196861,257211
196862,257212
196863,257213
196864,257214
196868,257218
196869,257219
196870,257220
196871,257221
196872,257222
196873,257223
196874,257224
196875,257225
196876,257226
196877,257227
196878,257228
196882,257232
196883,257233
196884,257234
196885,257235
196886,257236
196887,257237
196888,257238
196889,257239
196890,257240
196891,257241
196892,257242
196896,257246
196899,257251
196901,257254
196902,257255
196904,257258
196905,257259
196906,257260
196907,257261
196909,257264
196910,257265
196914,257269
196916,257271
196917,257272
196918,257273
196919,257274
196920,257275
196924,257279
197862,258349
198182,258788
198183,258789
198388,259062
198389,259063
198390,259064
198391,259065
198392,259066
198393,259067
198394,259068
198395,259069
198397,259072
198398,259073
198399,259074
198400,259075
198401,259076
198402,259077
198403,259078
198404,259079
198405,259080
198406,259081
198411,259086
198412,259087
198413,259088
198414,259089
198415,259090
198416,259091
198417,259092
198418,259093
198419,259094
198420,259095
198421,259096
198422,259097
198440,259115
198441,259116
198442,259117
198447,259122
198448,259123
198449,259124
198450,259125
198451,259126
198452,259127
198453,259128
198454,259129
198455,259130
198456,259131
198457,259132
198458,259133
198459,259134
198460,259135
198461,259136
198462,259137
198463,259138
198468,259143
198469,259144
198470,259145
198471,259146
198472,259147
198473,259148
198474,259149
198475,259150
198476,259151
198477,259152
198478,259153
198479,259154
198480,259155
198481,259156
199594,260413
199595,260414
199596,260415
199598,260418
199599,260419
199600,260420
199601,260421
199603,260424
199604,260425
199605,260426
199606,260427
199607,260428
199609,260431
199610,260432
199611,260433
199613,260436
199614,260437
199621,260450
199622,260451
199623,260452
199624,260453
199625,260454
199626,260455
199627,260456
199628,260457
199630,260460
199631,260461
199632,260462
199633,260463
199634,260464
199669,260525
199670,260526
199677,260539
199683,260550
199686,260555
199688,260558
199693,260567
199694,260568
199695,260569
199696,260570
199697,260571
199698,260572
199699,260573
199700,260574
199701,260575
199702,260576
199703,260577
199704,260578
199705,260579
199706,260580
199768,260680
199784,260699
199815,260742
199893,260859
199947,260922
200576,261680
201264,262663
201267,262668
201268,262669
201269,262670
201271,262673
201272,262674
201273,262675
201275,262678
201276,262679
201279,262684
201280,262685
201282,262688
201284,262691
201288,262698
201291,262703
201293,262706
201295,262709
201296,262710
201297,262711
201298,262712
201300,262715
201302,262718
201304,262721
201310,262729
201311,262730
201313,262733
201315,262736
201316,262737
201318,262740
201320,262743
201321,262744
201325,262751
201327,262754
201328,262755
201329,262756
201330,262757
201332,262760
201334,262763
201335,262764
201340,262770
201341,262771
201343,262774
201345,262777
201346,262778
201357,262799
201358,262800
201359,262801
201365,262812
201367,262815
201368,262816
201372,262823
201373,262824
201374,262825
201375,262826
201376,262827
201384,262838
201385,262839
201387,262842
201388,262843
201389,262844
201390,262845
201392,262848
201393,262849
201396,262854
201397,262855
201398,262856
201399,262857
201401,262860
201402,262861
201403,262862
201405,262865
201408,262868
201410,262870
201411,262871
201415,262878
201417,262881
201418,262882
201419,262883
201420,262884
201422,262887
201424,262890
201427,262895
201428,262896
201429,262897
201431,262900
201432,262901
201433,262902
201439,262910
201440,262911
201441,262912
201442,262913
201444,262916
201450,262924
201451,262925
201452,262926
201453,262927
201454,262928
201455,262929
201456,262930
201457,262931
201458,262932
201459,262933
201460,262934
201461,262935
201462,262936
201463,262937
201464,262938
201465,262939
201466,262940
201467,262941
201468,262942
201469,262943
201470,262944
201471,262945
201472,262946
201473,262947
201474,262948
201475,262949
201476,262950
201477,262951
201478,262952
201604,263126
201608,263130
201609,263131
201610,263132
201611,263133
201612,263134
201613,263135
201614,263136
201615,263137
201616,263138
201617,263139
201618,263140
201619,263141
201620,263142
201621,263143
201622,263144
201623,263145
201624,263146
201625,263147
201626,263148
201627,263149
201628,263150
201629,263151
201630,263152
201631,263153
201632,263154
201633,263155
201634,263156
201635,263157
201636,263158
201637,263159
201638,263160
201639,263161
201640,263162
201641,263163
201642,263164
201643,263165
201644,263166
201648,263170
201649,263171
201650,263172
201654,263176
201655,263177
201656,263178
201657,263179
201658,263180
201659,263181
201675,263197
201677,263200
201678,263201
201679,263202
201681,263205
201682,263206
201683,263207
201687,263211
201688,263212
201689,263213
201693,263217
201694,263218
201695,263219
201696,263220
201697,263221
201698,263222
201699,263223
201700,263224
201701,263225
201702,263226
201703,263227
201704,263228
201705,263229
201706,263230
201707,263231
201708,263232
201709,263233
201710,263234
201711,263235
201712,263236
201713,263237
201714,263238
201715,263239
201716,263240
201717,263241
201718,263242
201719,263243
201720,263244
201721,263245
201722,263246
201723,263247
201724,263248
201754,263283
201755,263284
201756,263285
201757,263286
201758,263287
201759,263288
201760,263289
201761,263290
201762,263291
201763,263292
201764,263293
201765,263294
201766,263295
201767,263296
201768,263297
201769,263298
202228,263865
202235,263878
202400,264157
202705,264489
202878,264666
203082,264882
203210,265067
203295,265211
203374,265325
204039,266107
204375,266577
204747,266997
204755,267012
204757,267015
204761,267019
204763,267021
204764,267022
204765,267023
205287,267681
205291,267685
205312,267707
205321,267716
205328,267723
205329,267724
205330,267725
205331,267726
205332,267727
205333,267728
205334,267729
205335,267730
205336,267731
205337,267732
205338,267733
205339,267734
205340,267735
205348,267744
205349,267745
205350,267746
205351,267747
205352,267748
205353,267749
205354,267750
205355,267751
205356,267752
205360,267759
205361,267760
205362,267761
205363,267762
205364,267763
205365,267764
205366,267765
205367,267766
205368,267767
205369,267768
205370,267769
205371,267770
205372,267771
205373,267772
205377,267776
205382,267781
205383,267782
205384,267783
205385,267784
205392,267794
205393,267795
205394,267796
205395,267797
205397,267800
205402,267806
205404,267809
205407,267814
205408,267815
205410,267818
205415,267824
205418,267829
205421,267834
205423,267837
205426,267842
205427,267843
205429,267846
205434,267851
205439,267857
205441,267859
205878,268337
205879,268338
205938,268417
205940,268420
205956,268451
205959,268456
205960,268457
205961,268458
205962,268459
205963,268460
205965,268463
205966,268464
205967,268465
205968,268466
205969,268467
205970,268468
205972,268471
205973,268472
205975,268475
205976,268476
205978,268479
205979,268480
205980,268481
205981,268482
205982,268483
205983,268484
205986,268489
205987,268490
205988,268491
205989,268492
205991,268494
205992,268495
205993,268496
205994,268497
205995,268498
205996,268499
206002,268507
206003,268508
206004,268509
206006,268512
206018,268535
206019,268536
206021,268539
206022,268540
206023,268541
206024,268542
206025,268543
206026,268544
206027,268545
206029,268548
206399,269005
206400,269006
206401,269007
206407,269014
206408,269015
206409,269016
206410,269017
206411,269018
206412,269019
206413,269020
206414,269021
206415,269022
206416,269023
206417,269024
206418,269025
206423,269031
206424,269032
206425,269033
206426,269034
206427,269035
206428,269036
206429,269037
206430,269038
206431,269039
206432,269040
206433,269041
206434,269042
206435,269043
206436,269044
206437,269045
206438,269046
206439,269047
206440,269048
206441,269049
206442,269050
206446,269054
206447,269055
206448,269056
206449,269057
206450,269058
206451,269059
206452,269060
206453,269061
206454,269062
206542,269161
206543,269162
206546,269165
206549,269168
206550,269169
206603,269231
207575,270521
208021,271085
208358,271502
208564,271782
209880,273463
209881,273464
209883,273467
209884,273468
209895,273479
209902,273486
209909,273493
209919,273503
209920,273504
209921,273505
209933,273522
209941,273531
210765,274526
210872,274655
210873,274656
210874,274657
210877,274660
210878,274661
210879,274662
210884,274667
210889,274672
210899,274684
210908,274693
210910,274695
210911,274696
210916,274701
210917,274702
210922,274706
210923,274707
210954,274740
211335,275199
211336,275200
211480,275388
211522,275438
211577,275541
211591,275568
211609,275596
211682,275735
211852,276027
211921,276128
212789,277326
213330,278156
213358,278206
213382,278246
213722,278763
213880,278955
213911,278997
214342,279510
214376,279561
214401,279601
214435,279652
214438,279657
214439,279658
214441,279661
214447,279669
214449,279672
214454,279681
214458,279688
214491,279743
214493,279746
214517,279783
214541,279830
214627,279947
214631,279951
214650,279977
214651,279978
214686,280024
214687,280025
214688,280026
214716,280060
214823,280198
214829,280206
214835,280213
214836,280214
214837,280215
214851,280235
214867,280254
214874,280264
214876,280267
214878,280270
214882,280274
214888,280281
214892,280288
214940,280346
214947,280356
214958,280367
214959,280368
214985,280401
214994,280411
215011,280429
215234,280725
215245,280739
215279,280783
215610,281413
215789,281700
216235,282246
216236,282247
216237,282248
216238,282249
216318,282399
216332,282423
216340,282438
216618,282812
216663,282863
217029,283252
217219,283478
217241,283518
217340,283680
218115,284617
218897,285624
218898,285625
219250,286073
219251,286075
219252,286077
219253,286079
219254,286081
219255,286083
219256,286085
219257,286087
219258,286089
219259,286091
219260,286093
219261,286095
219262,286097
219263,286099
219264,286101
219557,286570
219934,286973
219936,286976
219938,286979
219940,286982
219942,286985
219947,286991
219950,286996
219951,286997
219953,287000
219957,287007
219960,287012
219962,287015
219963,287016
219965,287019
219970,287025
219972,287028
219973,287029
219980,287039
219984,287043
219987,287048
219989,287051
219998,287062
220014,287083
220015,287084
220022,287094
220027,287100
220030,287105
220057,287143
220058,287144
220059,287145
220161,287317
220177,287342
220484,287835
221086,288756
221087,288757
221088,288758
221378,289215
221555,289426
221979,290028
222231,290353
222374,290511
222375,290512
222376,290513
222377,290514
222462,290677
222678,291028
223874,293085
224307,293681
225660,295341
225887,295647
225888,295648
225890,295651
225891,295652
225895,295656
225896,295657
225898,295659
225899,295660
226835,297381
227653,298312
228715,299812
228933,300056
229209,300465
229251,300534
229364,300701
229379,300728
229423,300783
229424,300784
229441,300803
229442,300804
229443,300805
229444,300806
229445,300807
229446,300808
229447,300809
230284,301728
230285,301729
230286,301730
230378,301831
230379,301832
230380,301833
230381,301834
230382,301835
230383,301836
230384,301837
230385,301838
230386,301839
230388,301842
230424,301893
230426,301896
230429,301901
230446,301930
232035,303809
235251,307850
235255,307855
237199,310259
237421,310526
237981,311139
237982,311140
237983,311141
237984,311142
237985,311143
237986,311144
242562,316793
243334,317785
243350,317813
243351,317814
243352,317815
243359,317825
244694,319251
244696,319253
244697,319254
244698,319255
244699,319256
244700,319257
244701,319258
244703,319261
244704,319262
244705,319263
244706,319264
244707,319265
244708,319266
244709,319267
244710,319268
244711,319269
245024,319741
245653,320434
245660,320441
245984,320777
246118,320994
246380,321408
246381,321409
246820,321944
246833,321957
246837,321961
247769,323205
247846,323351
249318,325341
249390,325449
249394,325453
249395,325454
249396,325455
249397,325456
249398,325457
249399,325458
249400,325459
249402,325461
249403,325462
249404,325463
249405,325464
249406,325465
249407,325466
249408,325467
249409,325468
249495,325610
249539,325662
251925,328570
252744,329586
252752,329594
253469,330502
253470,330503
253475,330508
253476,330509
253477,330510
253478,330511
253479,330512
253505,330548
253508,330553
253511,330558
253514,330561
253516,330563
253517,330564
253518,330565
253786,330942
253945,331162
253946,331163
253963,331193
253969,331204
253970,331205
253971,331206
254426,331795
254839,332260
255131,332825
255146,332851
255149,332856
255165,332887
255168,332892
255169,332893
255170,332894
255176,332905
255177,332906
255178,332907
255179,332908
255180,332909
255181,332910
255183,332913
255192,332929
255195,332934
255198,332938
255199,332939
255200,332940
255201,332941
255202,332942
255204,332945
255205,332946
255207,332949
255211,332956
255213,332959
255214,332960
255216,332963
255219,332968
255221,332971
255223,332974
255226,332979
255230,332983
255232,332986
255235,332991
255239,332995
255256,333025
255257,333026
255258,333027
255259,333028
255261,333031
255262,333032
255265,333037
255266,333038
255267,333039
255268,333040
255269,333041
255270,333042
255271,333043
255272,333044
255273,333045
255274,333046
255275,333047
255276,333048
255277,333049
255278,333050
255283,333056
255284,333057
255285,333058
255291,333066
255299,333077
255301,333080
255303,333083
255306,333088
255309,333093
255310,333094
255312,333097
255313,333098
255321,333113
255324,333118
255326,333121
255330,333128
255341,333149
255342,333150
255343,333151
255344,333152
255348,333156
255349,333157
255350,333158
255359,333172
255362,333176
255367,333182
255371,333189
255372,333190
255373,333191
255376,333196
255377,333197
255378,333198
255379,333199
255380,333200
255381,333201
255382,333202
255383,333203
255384,333204
255404,333226
255405,333227
255406,333228
255407,333229
255408,333230
255409,333231
255410,333232
255412,333235
255413,333236
255414,333237
255415,333238
255416,333239
255417,333240
255418,333241
255419,333242
255420,333243
255421,333244
255422,333245
255423,333246
255425,333249
255426,333250
255427,333251
255428,333252
255429,333253
255431,333255
255434,333258
255435,333259
255436,333260
255437,333261
255438,333262
255439,333263
255443,333267
255444,333268
255448,333272
255449,333273
255450,333274
255453,333279
255454,333280
255455,333281
255457,333284
255458,333285
255459,333286
255460,333287
255465,333293
255466,333294
255468,333296
255476,333305
255477,333306
255478,333307
255479,333308
255480,333309
255481,333310
255483,333313
255484,333314
255488,333318
255489,333319
255490,333320
255494,333324
255495,333325
255496,333326
255497,333327
255498,333328
255529,333382
255546,333409
255557,333421
255568,333436
255570,333439
255575,333445
257303,335742
257305,335745
257307,335748
258363,337214
258661,337539
258754,337638
259358,338379
259703,338864
259707,338868
259711,338872
261093,340462
261182,340638
261297,340842
261298,340843
261299,340844
261300,340845
261312,340857
261313,340858
261315,340861
261319,340865
261320,340866
261321,340867
261789,341468
264825,345285
265576,346229
265702,346372
266266,347197
266267,347198
271429,354648
272111,355528
273966,358104
275835,360404
276567,361285
276615,361355
276631,361374
277575,362632
278140,363606
278143,363609
279460,365124
279469,365141
279471,365144
279841,365869
279842,365870
279852,365882
279856,365886
279860,365891
279861,365892
279862,365893
279863,365894
279864,365895
279865,365896
279866,365897
279867,365898
279868,365899
279869,365900
279870,365901
279871,365902
279872,365903
279873,365904
279874,365905
279875,365906
279876,365907
279877,365908
279878,365909
279879,365910
279880,365911
279881,365912
279882,365913
279883,365914
279884,365915
279885,365916
279886,365917
279887,365918
279888,365919
279889,365920
279890,365921
279891,365922
279895,365926
279896,365927
280074,366226
280087,366241
280088,366242
280186,366394
280211,366432
280215,366436
280243,366479
280261,366504
280288,366542
280404,366698
280524,366895
280736,367166
280901,367403
281582,368392
281899,368740
282883,370046
283793,371181
283803,371191
283894,371290
286741,374593
286765,374637
287122,375241
289200,377648
289201,377649
289202,377650
290238,378969
290950,379728
291899,380918
292322,381424
294692,384178
295274,385054
295281,385062
295283,385065
295293,385080
296145,386027
298131,388566
298159,388606
299088,389667
299123,389704
299124,389705
299125,389706
299126,389707
299127,389708
299128,389709
299129,389710
299130,389711
299131,389712
299147,389738
299148,389739
299149,389740
299150,389741
299151,389742
299152,389743
299153,389744
299154,389745
299191,389792
299192,389793
299193,389794
299194,389795
299195,389796
299196,389797
299197,389798
299198,389799
299199,389800
299220,389831
299221,389832
299222,389833
299225,389836
299227,389838
299271,389887
299447,390075
299448,390076
299449,390077
299450,390078
299458,390086
299459,390087
299460,390088
299464,390092
299465,390093
299466,390094
299467,390095
299468,390096
299469,390097
299470,390098
299471,390099
299472,390100
299473,390101
299474,390102
299478,390106
299479,390107
299579,390213
303141,394652
303146,394657
303147,394658
303148,394659
303149,394660
303150,394661
303151,394662
303152,394663
303165,394676
303446,394994
304460,396171
305433,397297
307246,399607
312534,406053
317882,412334
321569,416506
328956,425348
328957,425349
328958,425350
328959,425351
328960,425352
328961,425353
328962,425354
328963,425355
328964,425356
328965,425357
328966,425358
328967,425359
328968,425360
328969,425361
328970,425362
328971,425363
328972,425364
328973,425365
328974,425366
328975,425367
328976,425368
328977,425369
331357,428582
336262,433870
344342,442254
344429,442423
344748,442931
344846,443048
344847,443049
347826,446323
348395,447118
348688,447487
348695,447495
348708,447508
348709,447509
353485,453286
353486,453287
353487,453288
353488,453289
353489,453290
353490,453291
354879,454914
356238,456556
357295,457804
357296,457805
359668,460541
359886,460886
365316,467188
365317,467189
365318,467190
375291,478367
378150,481531
379455,482875
379461,482881
381682,485613
385855,490717
385856,490718
385857,490719
385858,490720
385922,490799
385923,490800
385924,490801
385925,490802
392150,498075
395591,501855
395971,502253
396201,502559
396202,502560
397354,503733
404960,512259
404961,512260
404964,512263
406266,513731
410721,518605
410723,518608
417709,526235
422582,531465
427122,536420
429555,539033
429557,539035
429565,539044
429574,539054
432999,543039
452437,580839
452439,580843
452440,580845
452441,580847
452442,580849
452444,580854
452445,580856
452446,580858
452447,580860
452448,580862
456481,589259
456488,589274
456534,589366
456535,589368
456536,589370
456537,589372
456545,589388
456546,589390
456547,589392
459743,596097
459744,596099
461060,598738
463670,604006
463836,604346
471856,620854
477026,631652
477089,631778
487821,654806
495589,665572
495590,665573
495591,665574
495592,665575
495607,665592
495608,665593
495609,665594
495610,665595
495611,665596
495612,665597
495620,665609
495621,665610
495624,665617
495625,665618
495637,665630
495648,665643
495656,665653
495658,665657
495659,665658
495660,665659
495661,665660
495662,665661
495663,665662
495664,665663
495676,665675
495677,665676
495679,665680
495680,665681
495684,665691
495693,665706
495696,665713
495698,665717
495699,665718
495700,665719
495701,665720
499591,670247
499592,670248
499593,670249
499594,670250
499595,670251
504505,675909
504508,675912
504511,675915
511552,684534
160993,213375
161851,214389
162145,214731
162155,214744
162161,214755
163041,215788
163042,215789
163043,215790
163044,215791
163045,215792
163046,215793
163047,215794
163048,215795
163049,215796
163050,215797
163051,215798
163052,215799
163053,215800
163054,215801
163055,215802
163056,215803
163057,215804
163058,215805
163059,215806
163060,215807
163061,215808
163062,215809
163063,215810
163064,215811
163065,215812
163066,215813
163067,215814
163068,215815
163069,215816
163070,215817
163071,215818
163072,215819
163073,215820
163074,215821
163075,215822
163076,215823
163077,215824
163078,215825
163079,215826
163080,215827
163081,215828
163082,215829
163083,215830
163084,215831
163085,215832
163089,215838
163090,215839
163091,215840
163092,215841
163093,215842
163097,215849
163104,215858
163105,215859
163106,215860
163107,215861
163108,215862
163109,215863
163110,215864
163111,215865
163112,215866
163113,215867
163114,215868
163115,215869
163116,215870
163117,215871
163118,215872
163119,215873
163120,215874
163121,215875
163122,215876
163123,215877
164405,217441
164416,217452
164813,217901
165330,218545
165335,218550
166260,219576
166265,219584
166267,219587
166269,219590
166271,219593
166273,219596
166274,219597
166276,219600
166277,219601
166308,219655
166334,219706
166390,219793
166485,219942
167033,220557
167038,220566
167039,220567
167040,220568
167043,220571
167046,220574
167047,220575
167131,220678
167163,220713
167198,220758
167204,220765
167458,221045
167473,221068
167480,221079
167485,221086
167493,221095
167502,221110
167560,221189
167585,221237
167589,221243
167596,221254
167597,221255
167598,221256
167599,221257
167600,221258
167601,221259
167602,221260
167603,221261
167605,221264
167606,221265
167608,221268
167612,221272
167614,221275
167615,221276
167616,221277
167617,221278
167618,221279
167622,221286
167625,221291
167628,221296
167634,221307
167640,221318
167644,221325
167647,221330
167663,221359
167665,221362
167667,221365
167668,221366
167670,221369
167675,221375
167676,221376
167678,221379
167680,221382
167681,221383
167683,221386
167685,221389
167687,221392
167688,221393
167694,221404
167696,221407
167698,221410
167699,221411
167701,221414
167706,221421
167709,221425
167712,221429
167715,221433
167717,221436
167719,221439
167721,221442
167723,221445
167726,221450
167762,221489
167763,221490
167764,221491
167765,221492
167766,221493
167767,221494
167768,221495
167769,221496
167770,221497
167771,221498
167772,221499
167773,221500
167774,221501
167775,221502
167776,221503
167777,221504
167778,221505
167779,221506
167780,221507
167781,221508
167782,221509
167783,221510
167784,221511
167785,221512
167786,221513
167787,221514
167788,221515
167790,221518
167791,221519
167792,221520
167793,221521
167794,221522
167795,221523
167796,221524
167797,221525
167798,221526
167799,221527
167800,221528
167802,221531
167803,221532
167804,221533
167805,221534
167895,221638
167931,221683
169459,223328
169460,223329
170886,224966
172901,227620
172955,227721
172991,227776
173077,227921
173171,228056
174431,229635
175025,230408
176070,231682
176072,231684
176074,231687
176100,231714
176346,232040
177167,232985
177256,233092
177257,233093
177258,233094
177259,233095
177260,233096
177277,233113
177278,233114
177279,233115
177280,233116
177281,233117
177294,233132
177295,233133
177296,233134
177297,233135
177298,233136
177299,233137
177300,233138
177305,233144
177306,233145
177307,233146
177308,233147
177309,233148
177310,233149
177311,233150
177312,233151
177313,233152
177314,233153
177315,233154
177426,233289
177444,233307
177445,233308
177446,233309
177447,233310
177448,233311
177449,233312
177450,233313
177451,233314
177452,233315
177453,233316
177454,233317
177520,233399
177521,233400
177532,233418
177542,233437
177553,233452
177896,233944
178148,234258
179883,236433
180363,237092
180367,237096
180368,237097
180502,237242
180503,237243
181299,238286
181616,238646
181830,238880
181834,238884
182217,239422
182497,239764
183135,240598
183444,240933
183453,240942
183454,240943
183459,240948
183460,240949
183464,240953
183924,241449
183949,241496
183950,241497
183951,241498
184009,241593
184011,241596
184012,241597
184013,241598
184014,241599
184015,241600
184016,241601
184029,241626
184033,241633
184037,241637
184038,241638
184039,241639
184040,241640
184041,241641
184043,241643
184044,241644
184045,241645
184046,241646
184047,241647
184048,241648
184050,241651
184051,241652
184053,241655
184054,241656
184055,241657
184056,241658
184057,241659
184058,241660
184059,241661
184061,241664
184063,241667
184071,241675
184072,241676
184077,241681
184078,241682
184079,241683
184081,241685
184082,241686
184083,241687
184091,241695
184092,241696
184093,241697
184094,241698
184095,241699
184096,241700
184098,241702
184105,241709
184106,241710
184107,241711
184108,241712
184109,241713
184110,241714
184111,241715
184112,241716
184113,241717
184114,241718
184115,241719
184116,241720
184117,241721
184118,241722
184119,241723
184120,241724
184121,241725
184653,242283
184654,242284
184824,242459
184861,242496
184887,242522
184908,242543
184911,242546
184912,242547
184913,242548
184914,242549
184915,242550
184916,242551
184917,242552
184918,242553
184919,242554
184926,242561
184931,242566
184932,242567
184933,242568
184934,242569
184935,242570
184936,242571
184938,242574
184950,242587
184969,242608
184970,242609
184973,242614
184985,242626
184988,242631
184990,242634
184992,242637
185012,242659
185014,242662
185017,242667
185021,242672
185023,242674
185024,242675
185025,242676
185026,242677
185027,242678
185039,242690
185040,242691
185041,242692
185042,242693
185043,242694
185044,242695
185054,242705
185055,242706
185056,242707
185065,242716
185076,242727
185086,242737
185087,242738
185088,242739
185097,242748
185098,242749
185099,242750
185100,242751
185101,242752
185102,242753
185103,242754
185107,242758
185155,242806
185156,242807
185157,242808
185158,242809
185159,242810
185160,242811
185161,242812
185162,242813
185169,242820
185171,242822
185176,242827
185177,242828
185178,242829
185179,242830
185187,242838
185522,243179
185523,243180
185549,243206
185550,243207
185551,243208
185552,243209
185556,243213
186724,244415
187224,245003
187318,245103
187376,245170
187383,245177
187765,245605
187770,245615
187950,245929
188200,246239
188338,246386
188339,246387
188340,246388
188344,246392
188359,246411
188453,246518
188457,246522
188458,246523
188463,246528
188557,246625
188563,246634
188564,246635
188571,246642
188576,246647
188577,246648
188579,246651
188595,246671
188599,246675
188675,246759
188676,246760
188677,246761
188678,246762
188679,246763
188680,246764
188968,247131
189010,247186
189015,247191
189026,247203
189027,247204
189088,247282
189092,247289
189096,247294
189100,247300
189102,247303
189104,247306
189105,247307
189107,247310
189109,247313
189110,247314
189112,247317
189114,247320
189115,247321
189119,247328
189123,247332
189125,247335
189126,247336
189128,247339
189129,247340
189130,247341
189131,247342
189132,247343
189134,247346
189135,247347
189140,247353
189141,247354
189180,247418
189181,247419
189182,247420
189184,247423
189185,247424
189230,247507
189231,247508
189232,247509
189234,247512
189238,247518
189247,247529
189250,247534
189251,247535
189252,247536
189253,247537
189254,247538
189255,247539
189266,247550
189267,247551
189521,247921
189522,247922
189524,247925
189525,247926
189526,247927
189530,247931
189532,247934
189533,247935
189536,247939
189537,247940
189538,247941
189539,247942
189540,247943
189541,247944
189542,247945
189543,247946
189544,247947
189546,247950
189547,247951
189548,247952
189549,247953
189550,247954
189551,247955
189552,247956
189553,247957
189554,247958
189555,247959
189556,247960
189557,247961
189558,247962
189559,247963
189564,247972
189565,247973
189568,247978
189571,247983
189572,247984
189575,247989
189576,247990
189577,247991
189578,247992
189579,247993
190288,248782
190304,248799
190309,248804
190349,248858
190850,249537
190866,249568
191029,249837
191070,249912
191071,249914
191072,249916
191073,249918
191074,249920
191075,249922
191076,249924
191077,249926
191078,249928
191079,249930
191080,249932
191081,249934
191082,249936
191083,249938
191084,249940
191085,249942
191086,249944
191087,249946
191088,249948
191089,249950
191090,249952
191091,249954
191092,249956
191093,249958
191094,249960
191095,249962
191096,249964
191097,249966
191100,249970
191102,249973
191103,249975
191104,249977
191105,249979
191106,249981
191107,249983
191108,249985
191110,249989
191111,249991
191112,249993
191113,249995
191117,250000
191118,250002
191119,250004
191120,250006
191121,250008
191126,250014
191129,250018
191130,250020
191131,250022
191132,250024
191133,250026
191134,250028
191135,250030
191136,250032
191137,250034
191138,250036
191139,250038
191140,250040
191141,250042
191142,250044
191143,250046
191144,250048
191148,250053
191149,250055
191150,250057
191151,250059
191152,250061
191153,250063
191154,250065
191155,250067
191156,250069
191158,250073
191172,250097
191173,250099
191174,250101
191175,250103
191176,250105
191177,250107
191178,250109
191179,250111
191180,250113
191181,250115
191182,250117
191183,250119
191185,250122
191186,250124
191187,250126
191188,250128
191189,250130
191190,250132
191191,250134
191192,250136
191193,250138
191194,250140
191195,250142
191196,250144
191197,250146
191198,250148
191199,250150
191200,250152
191201,250154
191202,250156
191203,250158
191204,250160
191205,250162
191206,250164
191207,250166
191208,250168
191729,250796
191907,251018
192096,251321
193517,253105
193518,253106
193519,253107
193520,253108
193521,253109
193927,253557
194400,254119
194784,254603
194785,254604
194892,254734
195164,255050
195179,255070
195191,255084
195638,255747
195639,255748
195658,255767
195659,255768
195660,255769
195661,255770
195662,255771
195663,255772
195664,255773
195666,255775
195672,255781
196316,256476
196558,256773
196681,256975
196682,256976
196684,256979
196685,256980
196686,256981
196687,256982
196688,256983
196689,256984
196691,256987
196692,256988
196693,256989
196694,256990
196695,256991
196696,256992
196697,256993
196698,256994
196702,256998
196703,256999
196704,257000
196715,257011
196716,257012
196717,257013
196718,257014
196719,257015
196720,257016
196721,257017
196722,257018
196723,257019
196724,257020
196725,257021
196726,257022
196727,257023
196730,257026
196732,257028
196733,257029
196734,257030
196735,257031
196736,257032
196737,257033
196765,257069
196832,257177
196833,257178
196834,257179
196835,257180
196837,257183
196839,257186
196840,257187
196841,257188
196845,257195
196846,257196
196847,257197
196848,257198
196859,257209
196860,257210
196861,257211
196862,257212
196863,257213
196864,257214
196868,257218
196869,257219
196870,257220
196871,257221
196872,257222
196873,257223
196874,257224
196875,257225
196876,257226
196877,257227
196878,257228
196882,257232
196883,257233
196884,257234
196885,257235
196886,257236
196887,257237
196888,257238
196889,257239
196890,257240
196891,257241
196892,257242
196896,257246
196899,257251
196901,257254
196902,257255
196904,257258
196905,257259
196906,257260
196907,257261
196909,257264
196910,257265
196914,257269
196916,257271
196917,257272
196918,257273
196919,257274
196920,257275
196924,257279
197862,258349
198182,258788
198183,258789
198388,259062
198389,259063
198390,259064
198391,259065
198392,259066
198393,259067
198394,259068
198395,259069
198397,259072
198398,259073
198399,259074
198400,259075
198401,259076
198402,259077
198403,259078
198404,259079
198405,259080
198406,259081
198411,259086
198412,259087
198413,259088
198414,259089
198415,259090
198416,259091
198417,259092
198418,259093
198419,259094
198420,259095
198421,259096
198422,259097
198440,259115
198441,259116
198442,259117
198447,259122
198448,259123
198449,259124
198450,259125
198451,259126
198452,259127
198453,259128
198454,259129
198455,259130
198456,259131
198457,259132
198458,259133
198459,259134
198460,259135
198461,259136
198462,259137
198463,259138
198468,259143
198469,259144
198470,259145
198471,259146
198472,259147
198473,259148
198474,259149
198475,259150
198476,259151
198477,259152
198478,259153
198479,259154
198480,259155
198481,259156
199594,260413
199595,260414
199596,260415
199598,260418
199599,260419
199600,260420
199601,260421
199603,260424
199604,260425
199605,260426
199606,260427
199607,260428
199609,260431
199610,260432
199611,260433
199613,260436
199614,260437
199621,260450
199622,260451
199623,260452
199624,260453
199625,260454
199626,260455
199627,260456
199628,260457
199630,260460
199631,260461
199632,260462
199633,260463
199634,260464
199669,260525
199670,260526
199677,260539
199683,260550
199686,260555
199688,260558
199693,260567
199694,260568
199695,260569
199696,260570
199697,260571
199698,260572
199699,260573
199700,260574
199701,260575
199702,260576
199703,260577
199704,260578
199705,260579
199706,260580
199768,260680
199784,260699
199815,260742
199893,260859
199947,260922
200576,261680
201264,262663
201267,262668
201268,262669
201269,262670
201271,262673
201272,262674
201273,262675
201275,262678
201276,262679
201279,262684
201280,262685
201282,262688
201284,262691
201288,262698
201291,262703
201293,262706
201295,262709
201296,262710
201297,262711
201298,262712
201300,262715
201302,262718
201304,262721
201310,262729
201311,262730
201313,262733
201315,262736
201316,262737
201318,262740
201320,262743
201321,262744
201325,262751
201327,262754
201328,262755
201329,262756
201330,262757
201332,262760
201334,262763
201335,262764
201340,262770
201341,262771
201343,262774
201345,262777
201346,262778
201357,262799
201358,262800
201359,262801
201365,262812
201367,262815
201368,262816
201372,262823
201373,262824
201374,262825
201375,262826
201376,262827
201384,262838
201385,262839
201387,262842
201388,262843
201389,262844
201390,262845
201392,262848
201393,262849
201396,262854
201397,262855
201398,262856
201399,262857
201401,262860
201402,262861
201403,262862
201405,262865
201408,262868
201410,262870
201411,262871
201415,262878
201417,262881
201418,262882
201419,262883
201420,262884
201422,262887
201424,262890
201427,262895
201428,262896
201429,262897
201431,262900
201432,262901
201433,262902
201439,262910
201440,262911
201441,262912
201442,262913
201444,262916
201450,262924
201451,262925
201452,262926
201453,262927
201454,262928
201455,262929
201456,262930
201457,262931
201458,262932
201459,262933
201460,262934
201461,262935
201462,262936
201463,262937
201464,262938
201465,262939
201466,262940
201467,262941
201468,262942
201469,262943
201470,262944
201471,262945
201472,262946
201473,262947
201474,262948
201475,262949
201476,262950
201477,262951
201478,262952
201604,263126
201608,263130
201609,263131
201610,263132
201611,263133
201612,263134
201613,263135
201614,263136
201615,263137
201616,263138
201617,263139
201618,263140
201619,263141
201620,263142
201621,263143
201622,263144
201623,263145
201624,263146
201625,263147
201626,263148
201627,263149
201628,263150
201629,263151
201630,263152
201631,263153
201632,263154
201633,263155
201634,263156
201635,263157
201636,263158
201637,263159
201638,263160
201639,263161
201640,263162
201641,263163
201642,263164
201643,263165
201644,263166
201648,263170
201649,263171
201650,263172
201654,263176
201655,263177
201656,263178
201657,263179
201658,263180
201659,263181
201675,263197
201677,263200
201678,263201
201679,263202
201681,263205
201682,263206
201683,263207
201687,263211
201688,263212
201689,263213
201693,263217
201694,263218
201695,263219
201696,263220
201697,263221
201698,263222
201699,263223
201700,263224
201701,263225
201702,263226
201703,263227
201704,263228
201705,263229
201706,263230
201707,263231
201708,263232
201709,263233
201710,263234
201711,263235
201712,263236
201713,263237
201714,263238
201715,263239
201716,263240
201717,263241
201718,263242
201719,263243
201720,263244
201721,263245
201722,263246
201723,263247
201724,263248
201754,263283
201755,263284
201756,263285
201757,263286
201758,263287
201759,263288
201760,263289
201761,263290
201762,263291
201763,263292
201764,263293
201765,263294
201766,263295
201767,263296
201768,263297
201769,263298
202228,263865
202235,263878
202400,264157
202705,264489
202878,264666
203082,264882
203210,265067
203295,265211
203374,265325
204039,266107
204375,266577
204747,266997
204755,267012
204757,267015
204761,267019
204763,267021
204764,267022
204765,267023
205287,267681
205291,267685
205312,267707
205321,267716
205328,267723
205329,267724
205330,267725
205331,267726
205332,267727
205333,267728
205334,267729
205335,267730
205336,267731
205337,267732
205338,267733
205339,267734
205340,267735
205348,267744
205349,267745
205350,267746
205351,267747
205352,267748
205353,267749
205354,267750
205355,267751
205356,267752
205360,267759
205361,267760
205362,267761
205363,267762
205364,267763
205365,267764
205366,267765
205367,267766
205368,267767
205369,267768
205370,267769
205371,267770
205372,267771
205373,267772
205377,267776
205382,267781
205383,267782
205384,267783
205385,267784
205392,267794
205393,267795
205394,267796
205395,267797
205397,267800
205402,267806
205404,267809
205407,267814
205408,267815
205410,267818
205415,267824
205418,267829
205421,267834
205423,267837
205426,267842
205427,267843
205429,267846
205434,267851
205439,267857
205441,267859
205878,268337
205879,268338
205938,268417
205940,268420
205956,268451
205959,268456
205960,268457
205961,268458
205962,268459
205963,268460
205965,268463
205966,268464
205967,268465
205968,268466
205969,268467
205970,268468
205972,268471
205973,268472
205975,268475
205976,268476
205978,268479
205979,268480
205980,268481
205981,268482
205982,268483
205983,268484
205986,268489
205987,268490
205988,268491
205989,268492
205991,268494
205992,268495
205993,268496
205994,268497
205995,268498
205996,268499
206002,268507
206003,268508
206004,268509
206006,268512
206018,268535
206019,268536
206021,268539
206022,268540
206023,268541
206024,268542
206025,268543
206026,268544
206027,268545
206029,268548
206399,269005
206400,269006
206401,269007
206407,269014
206408,269015
206409,269016
206410,269017
206411,269018
206412,269019
206413,269020
206414,269021
206415,269022
206416,269023
206417,269024
206418,269025
206423,269031
206424,269032
206425,269033
206426,269034
206427,269035
206428,269036
206429,269037
206430,269038
206431,269039
206432,269040
206433,269041
206434,269042
206435,269043
206436,269044
206437,269045
206438,269046
206439,269047
206440,269048
206441,269049
206442,269050
206446,269054
206447,269055
206448,269056
206449,269057
206450,269058
206451,269059
206452,269060
206453,269061
206454,269062
206542,269161
206543,269162
206546,269165
206549,269168
206550,269169
206603,269231
207575,270521
208021,271085
208358,271502
208564,271782
209880,273463
209881,273464
209883,273467
209884,273468
209895,273479
209902,273486
209909,273493
209919,273503
209920,273504
209921,273505
209933,273522
209941,273531
210765,274526
210872,274655
210873,274656
210874,274657
210877,274660
210878,274661
210879,274662
210884,274667
210889,274672
210899,274684
210908,274693
210910,274695
210911,274696
210916,274701
210917,274702
210922,274706
210923,274707
210954,274740
211335,275199
211336,275200
211480,275388
211522,275438
211577,275541
211591,275568
211609,275596
211682,275735
211852,276027
211921,276128
212789,277326
213330,278156
213358,278206
213382,278246
213722,278763
213880,278955
213911,278997
214342,279510
214376,279561
214401,279601
214435,279652
214438,279657
214439,279658
214441,279661
214447,279669
214449,279672
214454,279681
214458,279688
214491,279743
214493,279746
214517,279783
214541,279830
214627,279947
214631,279951
214650,279977
214651,279978
214686,280024
214687,280025
214688,280026
214716,280060
214823,280198
214829,280206
214835,280213
214836,280214
214837,280215
214851,280235
214867,280254
214874,280264
214876,280267
214878,280270
214882,280274
214888,280281
214892,280288
214940,280346
214947,280356
214958,280367
214959,280368
214985,280401
214994,280411
215011,280429
215234,280725
215245,280739
215279,280783
215610,281413
215789,281700
216235,282246
216236,282247
216237,282248
216238,282249
216318,282399
216332,282423
216340,282438
216618,282812
216663,282863
217029,283252
217219,283478
217241,283518
217340,283680
218115,284617
218897,285624
218898,285625
219250,286073
219251,286075
219252,286077
219253,286079
219254,286081
219255,286083
219256,286085
219257,286087
219258,286089
219259,286091
219260,286093
219261,286095
219262,286097
219263,286099
219264,286101
219557,286570
219934,286973
219936,286976
219938,286979
219940,286982
219942,286985
219947,286991
219950,286996
219951,286997
219953,287000
219957,287007
219960,287012
219962,287015
219963,287016
219965,287019
219970,287025
219972,287028
219973,287029
219980,287039
219984,287043
219987,287048
219989,287051
219998,287062
220014,287083
220015,287084
220022,287094
220027,287100
220030,287105
220057,287143
220058,287144
220059,287145
220161,287317
220177,287342
220484,287835
221086,288756
221087,288757
221088,288758
221378,289215
221555,289426
221979,290028
222231,290353
222374,290511
222375,290512
222376,290513
222377,290514
222462,290677
222678,291028
223874,293085
224307,293681
225660,295341
225887,295647
225888,295648
225890,295651
225891,295652
225895,295656
225896,295657
225898,295659
225899,295660
226835,297381
227653,298312
228715,299812
228933,300056
229209,300465
229251,300534
229364,300701
229379,300728
229423,300783
229424,300784
229441,300803
229442,300804
229443,300805
229444,300806
229445,300807
229446,300808
229447,300809
230284,301728
230285,301729
230286,301730
230378,301831
230379,301832
230380,301833
230381,301834
230382,301835
230383,301836
230384,301837
230385,301838
230386,301839
230388,301842
230424,301893
230426,301896
230429,301901
230446,301930
232035,303809
235251,307850
235255,307855
237199,310259
237421,310526
237981,311139
237982,311140
237983,311141
237984,311142
237985,311143
237986,311144
242562,316793
243334,317785
243350,317813
243351,317814
243352,317815
243359,317825
244694,319251
244696,319253
244697,319254
244698,319255
244699,319256
244700,319257
244701,319258
244703,319261
244704,319262
244705,319263
244706,319264
244707,319265
244708,319266
244709,319267
244710,319268
244711,319269
245024,319741
245653,320434
245660,320441
245984,320777
246118,320994
246380,321408
246381,321409
246820,321944
246833,321957
246837,321961
247769,323205
247846,323351
249318,325341
249390,325449
249394,325453
249395,325454
249396,325455
249397,325456
249398,325457
249399,325458
249400,325459
249402,325461
249403,325462
249404,325463
249405,325464
249406,325465
249407,325466
249408,325467
249409,325468
249495,325610
249539,325662
251925,328570
252744,329586
252752,329594
253469,330502
253470,330503
253475,330508
253476,330509
253477,330510
253478,330511
253479,330512
253505,330548
253508,330553
253511,330558
253514,330561
253516,330563
253517,330564
253518,330565
253786,330942
253945,331162
253946,331163
253963,331193
253969,331204
253970,331205
253971,331206
254426,331795
254839,332260
255131,332825
255146,332851
255149,332856
255165,332887
255168,332892
255169,332893
255170,332894
255176,332905
255177,332906
255178,332907
255179,332908
255180,332909
255181,332910
255183,332913
255192,332929
255195,332934
255198,332938
255199,332939
255200,332940
255201,332941
255202,332942
255204,332945
255205,332946
255207,332949
255211,332956
255213,332959
255214,332960
255216,332963
255219,332968
255221,332971
255223,332974
255226,332979
255230,332983
255232,332986
255235,332991
255239,332995
255256,333025
255257,333026
255258,333027
255259,333028
255261,333031
255262,333032
255265,333037
255266,333038
255267,333039
255268,333040
255269,333041
255270,333042
255271,333043
255272,333044
255273,333045
255274,333046
255275,333047
255276,333048
255277,333049
255278,333050
255283,333056
255284,333057
255285,333058
255291,333066
255299,333077
255301,333080
255303,333083
255306,333088
255309,333093
255310,333094
255312,333097
255313,333098
255321,333113
255324,333118
255326,333121
255330,333128
255341,333149
255342,333150
255343,333151
255344,333152
255348,333156
255349,333157
255350,333158
255359,333172
255362,333176
255367,333182
255371,333189
255372,333190
255373,333191
255376,333196
255377,333197
255378,333198
255379,333199
255380,333200
255381,333201
255382,333202
255383,333203
255384,333204
255404,333226
255405,333227
255406,333228
255407,333229
255408,333230
255409,333231
255410,333232
255412,333235
255413,333236
255414,333237
255415,333238
255416,333239
255417,333240
255418,333241
255419,333242
255420,333243
255421,333244
255422,333245
255423,333246
255425,333249
255426,333250
255427,333251
255428,333252
255429,333253
255431,333255
255434,333258
255435,333259
255436,333260
255437,333261
255438,333262
255439,333263
255443,333267
255444,333268
255448,333272
255449,333273
255450,333274
255453,333279
255454,333280
255455,333281
255457,333284
255458,333285
255459,333286
255460,333287
255465,333293
255466,333294
255468,333296
255476,333305
255477,333306
255478,333307
255479,333308
255480,333309
255481,333310
255483,333313
255484,333314
255488,333318
255489,333319
255490,333320
255494,333324
255495,333325
255496,333326
255497,333327
255498,333328
255529,333382
255546,333409
255557,333421
255568,333436
255570,333439
255575,333445
257303,335742
257305,335745
257307,335748
258363,337214
258661,337539
258754,337638
259358,338379
259703,338864
259707,338868
259711,338872
261093,340462
261182,340638
261297,340842
261298,340843
261299,340844
261300,340845
261312,340857
261313,340858
261315,340861
261319,340865
261320,340866
261321,340867
261789,341468
264825,345285
265576,346229
265702,346372
266266,347197
266267,347198
271429,354648
272111,355528
273966,358104
275835,360404
276567,361285
276615,361355
276631,361374
277575,362632
278140,363606
278143,363609
279460,365124
279469,365141
279471,365144
279841,365869
279842,365870
279852,365882
279856,365886
279860,365891
279861,365892
279862,365893
279863,365894
279864,365895
279865,365896
279866,365897
279867,365898
279868,365899
279869,365900
279870,365901
279871,365902
279872,365903
279873,365904
279874,365905
279875,365906
279876,365907
279877,365908
279878,365909
279879,365910
279880,365911
279881,365912
279882,365913
279883,365914
279884,365915
279885,365916
279886,365917
279887,365918
279888,365919
279889,365920
279890,365921
279891,365922
279895,365926
279896,365927
280074,366226
280087,366241
280088,366242
280186,366394
280211,366432
280215,366436
280243,366479
280261,366504
280288,366542
280404,366698
280524,366895
280736,367166
280901,367403
281582,368392
281899,368740
282883,370046
283793,371181
283803,371191
283894,371290
286741,374593
286765,374637
287122,375241
289200,377648
289201,377649
289202,377650
290238,378969
290950,379728
291899,380918
292322,381424
294692,384178
295274,385054
295281,385062
295283,385065
295293,385080
296145,386027
298131,388566
298159,388606
299088,389667
299123,389704
299124,389705
299125,389706
299126,389707
299127,389708
299128,389709
299129,389710
299130,389711
299131,389712
299147,389738
299148,389739
299149,389740
299150,389741
299151,389742
299152,389743
299153,389744
299154,389745
299191,389792
299192,389793
299193,389794
299194,389795
299195,389796
299196,389797
299197,389798
299198,389799
299199,389800
299220,389831
299221,389832
299222,389833
299225,389836
299227,389838
299271,389887
299447,390075
299448,390076
299449,390077
299450,390078
299458,390086
299459,390087
299460,390088
299464,390092
299465,390093
299466,390094
299467,390095
299468,390096
299469,390097
299470,390098
299471,390099
299472,390100
299473,390101
299474,390102
299478,390106
299479,390107
299579,390213
303141,394652
303146,394657
303147,394658
303148,394659
303149,394660
303150,394661
303151,394662
303152,394663
303165,394676
303446,394994
304460,396171
305433,397297
307246,399607
312534,406053
317882,412334
321569,416506
328956,425348
328957,425349
328958,425350
328959,425351
328960,425352
328961,425353
328962,425354
328963,425355
328964,425356
328965,425357
328966,425358
328967,425359
328968,425360
328969,425361
328970,425362
328971,425363
328972,425364
328973,425365
328974,425366
328975,425367
328976,425368
328977,425369
331357,428582
336262,433870
344342,442254
344429,442423
344748,442931
344846,443048
344847,443049
347826,446323
348395,447118
348688,447487
348695,447495
348708,447508
348709,447509
353485,453286
353486,453287
353487,453288
353488,453289
353489,453290
353490,453291
354879,454914
356238,456556
357295,457804
357296,457805
359668,460541
359886,460886
365316,467188
365317,467189
365318,467190
375291,478367
378150,481531
379455,482875
379461,482881
381682,485613
385855,490717
385856,490718
385857,490719
385858,490720
385922,490799
385923,490800
385924,490801
385925,490802
392150,498075
395591,501855
395971,502253
396201,502559
396202,502560
397354,503733
404960,512259
404961,512260
404964,512263
406266,513731
410721,518605
410723,518608
417709,526235
422582,531465
427122,536420
429555,539033
429557,539035
429565,539044
429574,539054
432999,543039
452437,580839
452439,580843
452440,580845
452441,580847
452442,580849
452444,580854
452445,580856
452446,580858
452447,580860
452448,580862
456481,589259
456488,589274
456534,589366
456535,589368
456536,589370
456537,589372
456545,589388
456546,589390
456547,589392
459743,596097
459744,596099
461060,598738
463670,604006
463836,604346
471856,620854
477026,631652
477089,631778
487821,654806
495589,665572
495590,665573
495591,665574
495592,665575
495607,665592
495608,665593
495609,665594
495610,665595
495611,665596
495612,665597
495620,665609
495621,665610
495624,665617
495625,665618
495637,665630
495648,665643
495656,665653
495658,665657
495659,665658
495660,665659
495661,665660
495662,665661
495663,665662
495664,665663
495676,665675
495677,665676
495679,665680
495680,665681
495684,665691
495693,665706
495696,665713
495698,665717
495699,665718
495700,665719
495701,665720
499591,670247
499592,670248
499593,670249
499594,670250
499595,670251
504505,675909
504508,675912
504511,675915
511552,684534
